dataset,display_name,protein,pdb_id,chain,n_mutations,rcsb_pdb_url,wild_local_path,structure_source
s2648,S2648,1A43A,1A43,A,5,https://files.rcsb.org/download/1A43.pdb,data/wild/s2648/1A43A.pdb,RCSB PDB asymmetric unit (.pdb)
s2648,S2648,1A5EA,1A5E,A,3,https://files.rcsb.org/download/1A5E.pdb,data/wild/s2648/1A5EA.pdb,RCSB PDB asymmetric unit (.pdb)
s2648,S2648,1AEPA,1AEP,A,4,https://files.rcsb.org/download/1AEP.pdb,data/wild/s2648/1AEPA.pdb,RCSB PDB asymmetric unit (.pdb)
s2648,S2648,1AG2A,1AG2,A,10,https://files.rcsb.org/download/1AG2.pdb,data/wild/s2648/1AG2A.pdb,RCSB PDB asymmetric unit (.pdb)
s2648,S2648,1AJ3A,1AJ3,A,63,https://files.rcsb.org/download/1AJ3.pdb,data/wild/s2648/1AJ3A.pdb,RCSB PDB asymmetric unit (.pdb)
s2648,S2648,1AKYA,1AKY,A,6,https://files.rcsb.org/download/1AKY.pdb,data/wild/s2648/1AKYA.pdb,RCSB PDB asymmetric unit (.pdb)
s2648,S2648,1AM7A,1AM7,A,2,https://files.rcsb.org/download/1AM7.pdb,data/wild/s2648/1AM7A.pdb,RCSB PDB asymmetric unit (.pdb)
s2648,S2648,1AMQA,1AMQ,A,14,https://files.rcsb.org/download/1AMQ.pdb,data/wild/s2648/1AMQA.pdb,RCSB PDB asymmetric unit (.pdb)
s2648,S2648,1ANKA,1ANK,A,4,https://files.rcsb.org/download/1ANK.pdb,data/wild/s2648/1ANKA.pdb,RCSB PDB asymmetric unit (.pdb)
s2648,S2648,1AONU,1AON,U,4,https://files.rcsb.org/download/1AON.pdb,data/wild/s2648/1AONU.pdb,RCSB PDB asymmetric unit (.pdb)
s2648,S2648,1APSA,1APS,A,21,https://files.rcsb.org/download/1APS.pdb,data/wild/s2648/1APSA.pdb,RCSB PDB asymmetric unit (.pdb)
s2648,S2648,1ARRA,1ARR,A,17,https://files.rcsb.org/download/1ARR.pdb,data/wild/s2648/1ARRA.pdb,RCSB PDB asymmetric unit (.pdb)
s2648,S2648,1AZPA,1AZP,A,1,https://files.rcsb.org/download/1AZP.pdb,data/wild/s2648/1AZPA.pdb,RCSB PDB asymmetric unit (.pdb)
s2648,S2648,1B26A,1B26,A,3,https://files.rcsb.org/download/1B26.pdb,data/wild/s2648/1B26A.pdb,RCSB PDB asymmetric unit (.pdb)
s2648,S2648,1B8EA,1B8E,A,1,https://files.rcsb.org/download/1B8E.pdb,data/wild/s2648/1B8EA.pdb,RCSB PDB asymmetric unit (.pdb)
s2648,S2648,1BLCA,1BLC,A,1,https://files.rcsb.org/download/1BLC.pdb,data/wild/s2648/1BLCA.pdb,RCSB PDB asymmetric unit (.pdb)
s2648,S2648,1BNIA,1BNI,A,153,https://files.rcsb.org/download/1BNI.pdb,data/wild/s2648/1BNIA.pdb,RCSB PDB asymmetric unit (.pdb)
s2648,S2648,1BOYA,1BOY,A,1,https://files.rcsb.org/download/1BOY.pdb,data/wild/s2648/1BOYA.pdb,RCSB PDB asymmetric unit (.pdb)
s2648,S2648,1BTAA,1BTA,A,12,https://files.rcsb.org/download/1BTA.pdb,data/wild/s2648/1BTAA.pdb,RCSB PDB asymmetric unit (.pdb)
s2648,S2648,1BVCA,1BVC,A,41,https://files.rcsb.org/download/1BVC.pdb,data/wild/s2648/1BVCA.pdb,RCSB PDB asymmetric unit (.pdb)
s2648,S2648,1C9OA,1C9O,A,25,https://files.rcsb.org/download/1C9O.pdb,data/wild/s2648/1C9OA.pdb,RCSB PDB asymmetric unit (.pdb)
s2648,S2648,1CAHA,1CAH,A,2,https://files.rcsb.org/download/1CAH.pdb,data/wild/s2648/1CAHA.pdb,RCSB PDB asymmetric unit (.pdb)
s2648,S2648,1CEYA,1CEY,A,14,https://files.rcsb.org/download/1CEY.pdb,data/wild/s2648/1CEYA.pdb,RCSB PDB asymmetric unit (.pdb)
s2648,S2648,1CHKA,1CHK,A,3,https://files.rcsb.org/download/1CHK.pdb,data/wild/s2648/1CHKA.pdb,RCSB PDB asymmetric unit (.pdb)
s2648,S2648,1CSEI,1CSE,I,5,https://files.rcsb.org/download/1CSE.pdb,data/wild/s2648/1CSEI.pdb,RCSB PDB asymmetric unit (.pdb)
s2648,S2648,1CSPA,1CSP,A,21,https://files.rcsb.org/download/1CSP.pdb,data/wild/s2648/1CSPA.pdb,RCSB PDB asymmetric unit (.pdb)
s2648,S2648,1CUNA,1CUN,A,26,https://files.rcsb.org/download/1CUN.pdb,data/wild/s2648/1CUNA.pdb,RCSB PDB asymmetric unit (.pdb)
s2648,S2648,1DKTA,1DKT,A,17,https://files.rcsb.org/download/1DKT.pdb,data/wild/s2648/1DKTA.pdb,RCSB PDB asymmetric unit (.pdb)
s2648,S2648,1E65A,1E65,A,21,https://files.rcsb.org/download/1E65.pdb,data/wild/s2648/1E65A.pdb,RCSB PDB asymmetric unit (.pdb)
s2648,S2648,1EY0A,1EY0,A,482,https://files.rcsb.org/download/1EY0.pdb,data/wild/s2648/1EY0A.pdb,RCSB PDB asymmetric unit (.pdb)
s2648,S2648,1FKJA,1FKJ,A,36,https://files.rcsb.org/download/1FKJ.pdb,data/wild/s2648/1FKJA.pdb,RCSB PDB asymmetric unit (.pdb)
s2648,S2648,1FNAA,1FNA,A,34,https://files.rcsb.org/download/1FNA.pdb,data/wild/s2648/1FNAA.pdb,RCSB PDB asymmetric unit (.pdb)
s2648,S2648,1FTGA,1FTG,A,27,https://files.rcsb.org/download/1FTG.pdb,data/wild/s2648/1FTGA.pdb,RCSB PDB asymmetric unit (.pdb)
s2648,S2648,1FVKA,1FVK,A,5,https://files.rcsb.org/download/1FVK.pdb,data/wild/s2648/1FVKA.pdb,RCSB PDB asymmetric unit (.pdb)
s2648,S2648,1G4IA,1G4I,A,9,https://files.rcsb.org/download/1G4I.pdb,data/wild/s2648/1G4IA.pdb,RCSB PDB asymmetric unit (.pdb)
s2648,S2648,1G6NA,1G6N,A,1,https://files.rcsb.org/download/1G6N.pdb,data/wild/s2648/1G6NA.pdb,RCSB PDB asymmetric unit (.pdb)
s2648,S2648,1H7MA,1H7M,A,26,https://files.rcsb.org/download/1H7M.pdb,data/wild/s2648/1H7MA.pdb,RCSB PDB asymmetric unit (.pdb)
s2648,S2648,1HFZA,1HFZ,A,22,https://files.rcsb.org/download/1HFZ.pdb,data/wild/s2648/1HFZA.pdb,RCSB PDB asymmetric unit (.pdb)
s2648,S2648,1HK0X,1HK0,X,10,https://files.rcsb.org/download/1HK0.pdb,data/wild/s2648/1HK0X.pdb,RCSB PDB asymmetric unit (.pdb)
s2648,S2648,1HMEA,1HME,A,3,https://files.rcsb.org/download/1HME.pdb,data/wild/s2648/1HMEA.pdb,RCSB PDB asymmetric unit (.pdb)
s2648,S2648,1HMKA,1HMK,A,25,https://files.rcsb.org/download/1HMK.pdb,data/wild/s2648/1HMKA.pdb,RCSB PDB asymmetric unit (.pdb)
s2648,S2648,1HMSA,1HMS,A,17,https://files.rcsb.org/download/1HMS.pdb,data/wild/s2648/1HMSA.pdb,RCSB PDB asymmetric unit (.pdb)
s2648,S2648,1HUUA,1HUU,A,5,https://files.rcsb.org/download/1HUU.pdb,data/wild/s2648/1HUUA.pdb,RCSB PDB asymmetric unit (.pdb)
s2648,S2648,1IETA,1IET,A,1,https://files.rcsb.org/download/1IET.pdb,data/wild/s2648/1IETA.pdb,RCSB PDB asymmetric unit (.pdb)
s2648,S2648,1IFCA,1IFC,A,14,https://files.rcsb.org/download/1IFC.pdb,data/wild/s2648/1IFCA.pdb,RCSB PDB asymmetric unit (.pdb)
s2648,S2648,1IGVA,1IGV,A,15,https://files.rcsb.org/download/1IGV.pdb,data/wild/s2648/1IGVA.pdb,RCSB PDB asymmetric unit (.pdb)
s2648,S2648,1IHBA,1IHB,A,5,https://files.rcsb.org/download/1IHB.pdb,data/wild/s2648/1IHBA.pdb,RCSB PDB asymmetric unit (.pdb)
s2648,S2648,1IMQA,1IMQ,A,8,https://files.rcsb.org/download/1IMQ.pdb,data/wild/s2648/1IMQA.pdb,RCSB PDB asymmetric unit (.pdb)
s2648,S2648,1IO2A,1IO2,A,5,https://files.rcsb.org/download/1IO2.pdb,data/wild/s2648/1IO2A.pdb,RCSB PDB asymmetric unit (.pdb)
s2648,S2648,1IROA,1IRO,A,2,https://files.rcsb.org/download/1IRO.pdb,data/wild/s2648/1IROA.pdb,RCSB PDB asymmetric unit (.pdb)
s2648,S2648,1JIWI,1JIW,I,2,https://files.rcsb.org/download/1JIW.pdb,data/wild/s2648/1JIWI.pdb,RCSB PDB asymmetric unit (.pdb)
s2648,S2648,1KCQA,1KCQ,A,2,https://files.rcsb.org/download/1KCQ.pdb,data/wild/s2648/1KCQA.pdb,RCSB PDB asymmetric unit (.pdb)
s2648,S2648,1KDXA,1KDX,A,1,https://files.rcsb.org/download/1KDX.pdb,data/wild/s2648/1KDXA.pdb,RCSB PDB asymmetric unit (.pdb)
s2648,S2648,1KE4A,1KE4,A,1,https://files.rcsb.org/download/1KE4.pdb,data/wild/s2648/1KE4A.pdb,RCSB PDB asymmetric unit (.pdb)
s2648,S2648,1KFWA,1KFW,A,2,https://files.rcsb.org/download/1KFW.pdb,data/wild/s2648/1KFWA.pdb,RCSB PDB asymmetric unit (.pdb)
s2648,S2648,1LBIA,1LBI,A,1,https://files.rcsb.org/download/1LBI.pdb,data/wild/s2648/1LBIA.pdb,RCSB PDB asymmetric unit (.pdb)
s2648,S2648,1LNIA,1LNI,A,43,https://files.rcsb.org/download/1LNI.pdb,data/wild/s2648/1LNIA.pdb,RCSB PDB asymmetric unit (.pdb)
s2648,S2648,1LUCA,1LUC,A,1,https://files.rcsb.org/download/1LUC.pdb,data/wild/s2648/1LUCA.pdb,RCSB PDB asymmetric unit (.pdb)
s2648,S2648,1LUCB,1LUC,B,2,https://files.rcsb.org/download/1LUC.pdb,data/wild/s2648/1LUCB.pdb,RCSB PDB asymmetric unit (.pdb)
s2648,S2648,1LVEA,1LVE,A,13,https://files.rcsb.org/download/1LVE.pdb,data/wild/s2648/1LVEA.pdb,RCSB PDB asymmetric unit (.pdb)
s2648,S2648,1LZ1A,1LZ1,A,110,https://files.rcsb.org/download/1LZ1.pdb,data/wild/s2648/1LZ1A.pdb,RCSB PDB asymmetric unit (.pdb)
s2648,S2648,1MBGA,1MBG,A,3,https://files.rcsb.org/download/1MBG.pdb,data/wild/s2648/1MBGA.pdb,RCSB PDB asymmetric unit (.pdb)
s2648,S2648,1MGRA,1MGR,A,8,https://files.rcsb.org/download/1MGR.pdb,data/wild/s2648/1MGRA.pdb,RCSB PDB asymmetric unit (.pdb)
s2648,S2648,1MJCA,1MJC,A,9,https://files.rcsb.org/download/1MJC.pdb,data/wild/s2648/1MJCA.pdb,RCSB PDB asymmetric unit (.pdb)
s2648,S2648,1MSIA,1MSI,A,6,https://files.rcsb.org/download/1MSI.pdb,data/wild/s2648/1MSIA.pdb,RCSB PDB asymmetric unit (.pdb)
s2648,S2648,1N0JA,1N0J,A,3,https://files.rcsb.org/download/1N0J.pdb,data/wild/s2648/1N0JA.pdb,RCSB PDB asymmetric unit (.pdb)
s2648,S2648,1OH0A,1OH0,A,5,https://files.rcsb.org/download/1OH0.pdb,data/wild/s2648/1OH0A.pdb,RCSB PDB asymmetric unit (.pdb)
s2648,S2648,1OIAA,1OIA,A,7,https://files.rcsb.org/download/1OIA.pdb,data/wild/s2648/1OIAA.pdb,RCSB PDB asymmetric unit (.pdb)
s2648,S2648,1ONCA,1ONC,A,3,https://files.rcsb.org/download/1ONC.pdb,data/wild/s2648/1ONCA.pdb,RCSB PDB asymmetric unit (.pdb)
s2648,S2648,1PDOA,1PDO,A,3,https://files.rcsb.org/download/1PDO.pdb,data/wild/s2648/1PDOA.pdb,RCSB PDB asymmetric unit (.pdb)
s2648,S2648,1PGAA,1PGA,A,12,https://files.rcsb.org/download/1PGA.pdb,data/wild/s2648/1PGAA.pdb,RCSB PDB asymmetric unit (.pdb)
s2648,S2648,1POHA,1POH,A,13,https://files.rcsb.org/download/1POH.pdb,data/wild/s2648/1POHA.pdb,RCSB PDB asymmetric unit (.pdb)
s2648,S2648,1QGVA,1QGV,A,1,https://files.rcsb.org/download/1QGV.pdb,data/wild/s2648/1QGVA.pdb,RCSB PDB asymmetric unit (.pdb)
s2648,S2648,1QLPA,1QLP,A,43,https://files.rcsb.org/download/1QLP.pdb,data/wild/s2648/1QLPA.pdb,RCSB PDB asymmetric unit (.pdb)
s2648,S2648,1QM4A,1QM4,A,1,https://files.rcsb.org/download/1QM4.pdb,data/wild/s2648/1QM4A.pdb,RCSB PDB asymmetric unit (.pdb)
s2648,S2648,1QNDA,1QND,A,1,https://files.rcsb.org/download/1QND.pdb,data/wild/s2648/1QNDA.pdb,RCSB PDB asymmetric unit (.pdb)
s2648,S2648,1RG8A,1RG8,A,17,https://files.rcsb.org/download/1RG8.pdb,data/wild/s2648/1RG8A.pdb,RCSB PDB asymmetric unit (.pdb)
s2648,S2648,1RHGA,1RHG,A,10,https://files.rcsb.org/download/1RHG.pdb,data/wild/s2648/1RHGA.pdb,RCSB PDB asymmetric unit (.pdb)
s2648,S2648,1RISA,1RIS,A,16,https://files.rcsb.org/download/1RIS.pdb,data/wild/s2648/1RISA.pdb,RCSB PDB asymmetric unit (.pdb)
s2648,S2648,1RN1C,1RN1,C,31,https://files.rcsb.org/download/1RN1.pdb,data/wild/s2648/1RN1C.pdb,RCSB PDB asymmetric unit (.pdb)
s2648,S2648,1ROPA,1ROP,A,20,https://files.rcsb.org/download/1ROP.pdb,data/wild/s2648/1ROPA.pdb,RCSB PDB asymmetric unit (.pdb)
s2648,S2648,1RTBA,1RTB,A,37,https://files.rcsb.org/download/1RTB.pdb,data/wild/s2648/1RTBA.pdb,RCSB PDB asymmetric unit (.pdb)
s2648,S2648,1RTPA,1RTP,A,1,https://files.rcsb.org/download/1RTP.pdb,data/wild/s2648/1RTPA.pdb,RCSB PDB asymmetric unit (.pdb)
s2648,S2648,1SAKA,1SAK,A,28,https://files.rcsb.org/download/1SAK.pdb,data/wild/s2648/1SAKA.pdb,RCSB PDB asymmetric unit (.pdb)
s2648,S2648,1SHFA,1SHF,A,36,https://files.rcsb.org/download/1SHF.pdb,data/wild/s2648/1SHFA.pdb,RCSB PDB asymmetric unit (.pdb)
s2648,S2648,1SHGA,1SHG,A,4,https://files.rcsb.org/download/1SHG.pdb,data/wild/s2648/1SHGA.pdb,RCSB PDB asymmetric unit (.pdb)
s2648,S2648,1SSOA,1SSO,A,1,https://files.rcsb.org/download/1SSO.pdb,data/wild/s2648/1SSOA.pdb,RCSB PDB asymmetric unit (.pdb)
s2648,S2648,1SUPA,1SUP,A,6,https://files.rcsb.org/download/1SUP.pdb,data/wild/s2648/1SUPA.pdb,RCSB PDB asymmetric unit (.pdb)
s2648,S2648,1TENA,1TEN,A,28,https://files.rcsb.org/download/1TEN.pdb,data/wild/s2648/1TENA.pdb,RCSB PDB asymmetric unit (.pdb)
s2648,S2648,1TITA,1TIT,A,8,https://files.rcsb.org/download/1TIT.pdb,data/wild/s2648/1TITA.pdb,RCSB PDB asymmetric unit (.pdb)
s2648,S2648,1TPKA,1TPK,A,6,https://files.rcsb.org/download/1TPK.pdb,data/wild/s2648/1TPKA.pdb,RCSB PDB asymmetric unit (.pdb)
s2648,S2648,1TTQA,1TTQ,A,8,https://files.rcsb.org/download/1TTQ.pdb,data/wild/s2648/1TTQA.pdb,RCSB PDB asymmetric unit (.pdb)
s2648,S2648,1TYVA,1TYV,A,6,https://files.rcsb.org/download/1TYV.pdb,data/wild/s2648/1TYVA.pdb,RCSB PDB asymmetric unit (.pdb)
s2648,S2648,1UBQA,1UBQ,A,11,https://files.rcsb.org/download/1UBQ.pdb,data/wild/s2648/1UBQA.pdb,RCSB PDB asymmetric unit (.pdb)
s2648,S2648,1UZCA,1UZC,A,45,https://files.rcsb.org/download/1UZC.pdb,data/wild/s2648/1UZCA.pdb,RCSB PDB asymmetric unit (.pdb)
s2648,S2648,1VQBA,1VQB,A,90,https://files.rcsb.org/download/1VQB.pdb,data/wild/s2648/1VQBA.pdb,RCSB PDB asymmetric unit (.pdb)
s2648,S2648,1WITA,1WIT,A,1,https://files.rcsb.org/download/1WIT.pdb,data/wild/s2648/1WITA.pdb,RCSB PDB asymmetric unit (.pdb)
s2648,S2648,1WQ5A,1WQ5,A,44,https://files.rcsb.org/download/1WQ5.pdb,data/wild/s2648/1WQ5A.pdb,RCSB PDB asymmetric unit (.pdb)
s2648,S2648,1YU5X,1YU5,X,1,https://files.rcsb.org/download/1YU5.pdb,data/wild/s2648/1YU5X.pdb,RCSB PDB asymmetric unit (.pdb)
s2648,S2648,1YYJA,1YYJ,A,37,https://files.rcsb.org/download/1YYJ.pdb,data/wild/s2648/1YYJA.pdb,RCSB PDB asymmetric unit (.pdb)
s2648,S2648,1ZG4A,1ZG4,A,2,https://files.rcsb.org/download/1ZG4.pdb,data/wild/s2648/1ZG4A.pdb,RCSB PDB asymmetric unit (.pdb)
s2648,S2648,1ZNJB,1ZNJ,B,8,https://files.rcsb.org/download/1ZNJ.pdb,data/wild/s2648/1ZNJB.pdb,RCSB PDB asymmetric unit (.pdb)
s2648,S2648,2A01A,2A01,A,1,https://files.rcsb.org/download/2A01.pdb,data/wild/s2648/2A01A.pdb,RCSB PDB asymmetric unit (.pdb)
s2648,S2648,2A36A,2A36,A,8,https://files.rcsb.org/download/2A36.pdb,data/wild/s2648/2A36A.pdb,RCSB PDB asymmetric unit (.pdb)
s2648,S2648,2ABDA,2ABD,A,29,https://files.rcsb.org/download/2ABD.pdb,data/wild/s2648/2ABDA.pdb,RCSB PDB asymmetric unit (.pdb)
s2648,S2648,2CI2I,2CI2,I,75,https://files.rcsb.org/download/2CI2.pdb,data/wild/s2648/2CI2I.pdb,RCSB PDB asymmetric unit (.pdb)
s2648,S2648,2DRIA,2DRI,A,2,https://files.rcsb.org/download/2DRI.pdb,data/wild/s2648/2DRIA.pdb,RCSB PDB asymmetric unit (.pdb)
s2648,S2648,2H61A,2H61,A,5,https://files.rcsb.org/download/2H61.pdb,data/wild/s2648/2H61A.pdb,RCSB PDB asymmetric unit (.pdb)
s2648,S2648,2HPRA,2HPR,A,1,https://files.rcsb.org/download/2HPR.pdb,data/wild/s2648/2HPRA.pdb,RCSB PDB asymmetric unit (.pdb)
s2648,S2648,2IMMA,2IMM,A,10,https://files.rcsb.org/download/2IMM.pdb,data/wild/s2648/2IMMA.pdb,RCSB PDB asymmetric unit (.pdb)
s2648,S2648,2LZMA,2LZM,A,98,https://files.rcsb.org/download/2LZM.pdb,data/wild/s2648/2LZMA.pdb,RCSB PDB asymmetric unit (.pdb)
s2648,S2648,2NVHA,2NVH,A,14,https://files.rcsb.org/download/2NVH.pdb,data/wild/s2648/2NVHA.pdb,RCSB PDB asymmetric unit (.pdb)
s2648,S2648,2OCJA,2OCJ,A,5,https://files.rcsb.org/download/2OCJ.pdb,data/wild/s2648/2OCJA.pdb,RCSB PDB asymmetric unit (.pdb)
s2648,S2648,2RN2A,2RN2,A,70,https://files.rcsb.org/download/2RN2.pdb,data/wild/s2648/2RN2A.pdb,RCSB PDB asymmetric unit (.pdb)
s2648,S2648,2TRXA,2TRX,A,8,https://files.rcsb.org/download/2TRX.pdb,data/wild/s2648/2TRXA.pdb,RCSB PDB asymmetric unit (.pdb)
s2648,S2648,2TS1A,2TS1,A,2,https://files.rcsb.org/download/2TS1.pdb,data/wild/s2648/2TS1A.pdb,RCSB PDB asymmetric unit (.pdb)
s2648,S2648,3ECAA,3ECA,A,4,https://files.rcsb.org/download/3ECA.pdb,data/wild/s2648/3ECAA.pdb,RCSB PDB asymmetric unit (.pdb)
s2648,S2648,3FVJA,3FVJ,A,3,https://files.rcsb.org/download/3FVJ.pdb,data/wild/s2648/3FVJA.pdb,RCSB PDB asymmetric unit (.pdb)
s2648,S2648,3GLYA,3GLY,A,4,https://files.rcsb.org/download/3GLY.pdb,data/wild/s2648/3GLYA.pdb,RCSB PDB asymmetric unit (.pdb)
s2648,S2648,3HHRA,3HHR,A,10,https://files.rcsb.org/download/3HHR.pdb,data/wild/s2648/3HHRA.pdb,RCSB PDB asymmetric unit (.pdb)
s2648,S2648,3MBPA,3MBP,A,7,https://files.rcsb.org/download/3MBP.pdb,data/wild/s2648/3MBPA.pdb,RCSB PDB asymmetric unit (.pdb)
s2648,S2648,3OLMD,3OLM,D,10,https://files.rcsb.org/download/3OLM.pdb,data/wild/s2648/3OLMD.pdb,RCSB PDB asymmetric unit (.pdb)
s2648,S2648,3PGKA,3PGK,A,9,https://files.rcsb.org/download/3PGK.pdb,data/wild/s2648/3PGKA.pdb,RCSB PDB asymmetric unit (.pdb)
s2648,S2648,3SILA,3SIL,A,2,https://files.rcsb.org/download/3SIL.pdb,data/wild/s2648/3SILA.pdb,RCSB PDB asymmetric unit (.pdb)
s2648,S2648,3SSIA,3SSI,A,19,https://files.rcsb.org/download/3SSI.pdb,data/wild/s2648/3SSIA.pdb,RCSB PDB asymmetric unit (.pdb)
s2648,S2648,4BR1A,4BR1,A,4,https://files.rcsb.org/download/4BR1.pdb,data/wild/s2648/4BR1A.pdb,RCSB PDB asymmetric unit (.pdb)
s2648,S2648,4LYZA,4LYZ,A,57,https://files.rcsb.org/download/4LYZ.pdb,data/wild/s2648/4LYZA.pdb,RCSB PDB asymmetric unit (.pdb)
s2648,S2648,4REXA,4REX,A,3,https://files.rcsb.org/download/4REX.pdb,data/wild/s2648/4REXA.pdb,RCSB PDB asymmetric unit (.pdb)
s2648,S2648,4V2FA,4V2F,A,1,https://files.rcsb.org/download/4V2F.pdb,data/wild/s2648/4V2FA.pdb,RCSB PDB asymmetric unit (.pdb)
s2648,S2648,5CROA,5CRO,A,10,https://files.rcsb.org/download/5CRO.pdb,data/wild/s2648/5CROA.pdb,RCSB PDB asymmetric unit (.pdb)
s2648,S2648,5DFRA,5DFR,A,102,https://files.rcsb.org/download/5DFR.pdb,data/wild/s2648/5DFRA.pdb,RCSB PDB asymmetric unit (.pdb)
s2648,S2648,5PTIA,5PTI,A,21,https://files.rcsb.org/download/5PTI.pdb,data/wild/s2648/5PTIA.pdb,RCSB PDB asymmetric unit (.pdb)
test,Ssym,1amqA,1AMQ,A,4,https://files.rcsb.org/download/1AMQ.pdb,data/wild/test/1amqA.pdb,RCSB PDB asymmetric unit (.pdb)
test,Ssym,1bniA,1BNI,A,13,https://files.rcsb.org/download/1BNI.pdb,data/wild/test/1bniA.pdb,RCSB PDB asymmetric unit (.pdb)
test,Ssym,1ceyA,1CEY,A,3,https://files.rcsb.org/download/1CEY.pdb,data/wild/test/1ceyA.pdb,RCSB PDB asymmetric unit (.pdb)
test,Ssym,1ey0A,1EY0,A,28,https://files.rcsb.org/download/1EY0.pdb,data/wild/test/1ey0A.pdb,RCSB PDB asymmetric unit (.pdb)
test,Ssym,1ihbA,1IHB,A,3,https://files.rcsb.org/download/1IHB.pdb,data/wild/test/1ihbA.pdb,RCSB PDB asymmetric unit (.pdb)
test,Ssym,1iobA,1IOB,A,1,https://files.rcsb.org/download/1IOB.pdb,data/wild/test/1iobA.pdb,RCSB PDB asymmetric unit (.pdb)
test,Ssym,1l63A,1L63,A,118,https://files.rcsb.org/download/1L63.pdb,data/wild/test/1l63A.pdb,RCSB PDB asymmetric unit (.pdb)
test,Ssym,1lz1A,1LZ1,A,61,https://files.rcsb.org/download/1LZ1.pdb,data/wild/test/1lz1A.pdb,RCSB PDB asymmetric unit (.pdb)
test,Ssym,1oh0A,1OH0,A,2,https://files.rcsb.org/download/1OH0.pdb,data/wild/test/1oh0A.pdb,RCSB PDB asymmetric unit (.pdb)
test,Ssym,1rn1C,1RN1,C,1,https://files.rcsb.org/download/1RN1.pdb,data/wild/test/1rn1C.pdb,RCSB PDB asymmetric unit (.pdb)
test,Ssym,1vqbA,1VQB,A,5,https://files.rcsb.org/download/1VQB.pdb,data/wild/test/1vqbA.pdb,RCSB PDB asymmetric unit (.pdb)
test,Ssym,2lzmA,2LZM,A,66,https://files.rcsb.org/download/2LZM.pdb,data/wild/test/2lzmA.pdb,RCSB PDB asymmetric unit (.pdb)
test,Ssym,2rn2A,2RN2,A,18,https://files.rcsb.org/download/2RN2.pdb,data/wild/test/2rn2A.pdb,RCSB PDB asymmetric unit (.pdb)
test,Ssym,4lyzA,4LYZ,A,14,https://files.rcsb.org/download/4LYZ.pdb,data/wild/test/4lyzA.pdb,RCSB PDB asymmetric unit (.pdb)
test,Ssym,5ptiA,5PTI,A,5,https://files.rcsb.org/download/5PTI.pdb,data/wild/test/5ptiA.pdb,RCSB PDB asymmetric unit (.pdb)
myoglobin,Myoglobin,1bz6A,1BZ6,A,134,https://files.rcsb.org/download/1BZ6.pdb,data/wild/myoglobin/1bz6A.pdb,RCSB PDB asymmetric unit (.pdb)
p53,p53,2ocjA,2OCJ,A,42,https://files.rcsb.org/download/2OCJ.pdb,data/wild/p53/2ocjA.pdb,RCSB PDB asymmetric unit (.pdb)
S250,S250,149LA,149L,A,1,https://files.rcsb.org/download/149L.pdb,data/wild/S250/149LA.pdb,RCSB PDB asymmetric unit (.pdb)
S250,S250,150LA,150L,A,1,https://files.rcsb.org/download/150L.pdb,data/wild/S250/150LA.pdb,RCSB PDB asymmetric unit (.pdb)
S250,S250,172LA,172L,A,1,https://files.rcsb.org/download/172L.pdb,data/wild/S250/172LA.pdb,RCSB PDB asymmetric unit (.pdb)
S250,S250,1BANA,1BAN,A,1,https://files.rcsb.org/download/1BAN.pdb,data/wild/S250/1BANA.pdb,RCSB PDB asymmetric unit (.pdb)
S250,S250,1BAOA,1BAO,A,1,https://files.rcsb.org/download/1BAO.pdb,data/wild/S250/1BAOA.pdb,RCSB PDB asymmetric unit (.pdb)
S250,S250,1BNIA,1BNI,A,8,https://files.rcsb.org/download/1BNI.pdb,data/wild/S250/1BNIA.pdb,RCSB PDB asymmetric unit (.pdb)
S250,S250,1BNSA,1BNS,A,1,https://files.rcsb.org/download/1BNS.pdb,data/wild/S250/1BNSA.pdb,RCSB PDB asymmetric unit (.pdb)
S250,S250,1BPIA,1BPI,A,3,https://files.rcsb.org/download/1BPI.pdb,data/wild/S250/1BPIA.pdb,RCSB PDB asymmetric unit (.pdb)
S250,S250,1BRGA,1BRG,A,1,https://files.rcsb.org/download/1BRG.pdb,data/wild/S250/1BRGA.pdb,RCSB PDB asymmetric unit (.pdb)
S250,S250,1BRKA,1BRK,A,1,https://files.rcsb.org/download/1BRK.pdb,data/wild/S250/1BRKA.pdb,RCSB PDB asymmetric unit (.pdb)
S250,S250,1BSBA,1BSB,A,1,https://files.rcsb.org/download/1BSB.pdb,data/wild/S250/1BSBA.pdb,RCSB PDB asymmetric unit (.pdb)
S250,S250,1BSCA,1BSC,A,1,https://files.rcsb.org/download/1BSC.pdb,data/wild/S250/1BSCA.pdb,RCSB PDB asymmetric unit (.pdb)
S250,S250,1BSEA,1BSE,A,1,https://files.rcsb.org/download/1BSE.pdb,data/wild/S250/1BSEA.pdb,RCSB PDB asymmetric unit (.pdb)
S250,S250,1BTIA,1BTI,A,1,https://files.rcsb.org/download/1BTI.pdb,data/wild/S250/1BTIA.pdb,RCSB PDB asymmetric unit (.pdb)
S250,S250,1FANA,1FAN,A,1,https://files.rcsb.org/download/1FAN.pdb,data/wild/S250/1FANA.pdb,RCSB PDB asymmetric unit (.pdb)
S250,S250,1GAYA,1GAY,A,1,https://files.rcsb.org/download/1GAY.pdb,data/wild/S250/1GAYA.pdb,RCSB PDB asymmetric unit (.pdb)
S250,S250,1GAZA,1GAZ,A,1,https://files.rcsb.org/download/1GAZ.pdb,data/wild/S250/1GAZA.pdb,RCSB PDB asymmetric unit (.pdb)
S250,S250,1GB2A,1GB2,A,1,https://files.rcsb.org/download/1GB2.pdb,data/wild/S250/1GB2A.pdb,RCSB PDB asymmetric unit (.pdb)
S250,S250,1GB3A,1GB3,A,1,https://files.rcsb.org/download/1GB3.pdb,data/wild/S250/1GB3A.pdb,RCSB PDB asymmetric unit (.pdb)
S250,S250,1GF8A,1GF8,A,1,https://files.rcsb.org/download/1GF8.pdb,data/wild/S250/1GF8A.pdb,RCSB PDB asymmetric unit (.pdb)
S250,S250,1GF9A,1GF9,A,1,https://files.rcsb.org/download/1GF9.pdb,data/wild/S250/1GF9A.pdb,RCSB PDB asymmetric unit (.pdb)
S250,S250,1GFAA,1GFA,A,1,https://files.rcsb.org/download/1GFA.pdb,data/wild/S250/1GFAA.pdb,RCSB PDB asymmetric unit (.pdb)
S250,S250,1GFEA,1GFE,A,1,https://files.rcsb.org/download/1GFE.pdb,data/wild/S250/1GFEA.pdb,RCSB PDB asymmetric unit (.pdb)
S250,S250,1GFGA,1GFG,A,1,https://files.rcsb.org/download/1GFG.pdb,data/wild/S250/1GFGA.pdb,RCSB PDB asymmetric unit (.pdb)
S250,S250,1GFHA,1GFH,A,1,https://files.rcsb.org/download/1GFH.pdb,data/wild/S250/1GFHA.pdb,RCSB PDB asymmetric unit (.pdb)
S250,S250,1GFJA,1GFJ,A,1,https://files.rcsb.org/download/1GFJ.pdb,data/wild/S250/1GFJA.pdb,RCSB PDB asymmetric unit (.pdb)
S250,S250,1GFKA,1GFK,A,1,https://files.rcsb.org/download/1GFK.pdb,data/wild/S250/1GFKA.pdb,RCSB PDB asymmetric unit (.pdb)
S250,S250,1GFTA,1GFT,A,1,https://files.rcsb.org/download/1GFT.pdb,data/wild/S250/1GFTA.pdb,RCSB PDB asymmetric unit (.pdb)
S250,S250,1GFUA,1GFU,A,1,https://files.rcsb.org/download/1GFU.pdb,data/wild/S250/1GFUA.pdb,RCSB PDB asymmetric unit (.pdb)
S250,S250,1GOBA,1GOB,A,1,https://files.rcsb.org/download/1GOB.pdb,data/wild/S250/1GOBA.pdb,RCSB PDB asymmetric unit (.pdb)
S250,S250,1HEMA,1HEM,A,1,https://files.rcsb.org/download/1HEM.pdb,data/wild/S250/1HEMA.pdb,RCSB PDB asymmetric unit (.pdb)
S250,S250,1HEOA,1HEO,A,1,https://files.rcsb.org/download/1HEO.pdb,data/wild/S250/1HEOA.pdb,RCSB PDB asymmetric unit (.pdb)
S250,S250,1HERA,1HER,A,1,https://files.rcsb.org/download/1HER.pdb,data/wild/S250/1HERA.pdb,RCSB PDB asymmetric unit (.pdb)
S250,S250,1HNLA,1HNL,A,1,https://files.rcsb.org/download/1HNL.pdb,data/wild/S250/1HNLA.pdb,RCSB PDB asymmetric unit (.pdb)
S250,S250,1INUA,1INU,A,1,https://files.rcsb.org/download/1INU.pdb,data/wild/S250/1INUA.pdb,RCSB PDB asymmetric unit (.pdb)
S250,S250,1KVAA,1KVA,A,1,https://files.rcsb.org/download/1KVA.pdb,data/wild/S250/1KVAA.pdb,RCSB PDB asymmetric unit (.pdb)
S250,S250,1KVBA,1KVB,A,1,https://files.rcsb.org/download/1KVB.pdb,data/wild/S250/1KVBA.pdb,RCSB PDB asymmetric unit (.pdb)
S250,S250,1L00A,1L00,A,1,https://files.rcsb.org/download/1L00.pdb,data/wild/S250/1L00A.pdb,RCSB PDB asymmetric unit (.pdb)
S250,S250,1L02A,1L02,A,1,https://files.rcsb.org/download/1L02.pdb,data/wild/S250/1L02A.pdb,RCSB PDB asymmetric unit (.pdb)
S250,S250,1L03A,1L03,A,1,https://files.rcsb.org/download/1L03.pdb,data/wild/S250/1L03A.pdb,RCSB PDB asymmetric unit (.pdb)
S250,S250,1L04A,1L04,A,1,https://files.rcsb.org/download/1L04.pdb,data/wild/S250/1L04A.pdb,RCSB PDB asymmetric unit (.pdb)
S250,S250,1L06A,1L06,A,1,https://files.rcsb.org/download/1L06.pdb,data/wild/S250/1L06A.pdb,RCSB PDB asymmetric unit (.pdb)
S250,S250,1L07A,1L07,A,1,https://files.rcsb.org/download/1L07.pdb,data/wild/S250/1L07A.pdb,RCSB PDB asymmetric unit (.pdb)
S250,S250,1L08A,1L08,A,1,https://files.rcsb.org/download/1L08.pdb,data/wild/S250/1L08A.pdb,RCSB PDB asymmetric unit (.pdb)
S250,S250,1L09A,1L09,A,1,https://files.rcsb.org/download/1L09.pdb,data/wild/S250/1L09A.pdb,RCSB PDB asymmetric unit (.pdb)
S250,S250,1L10A,1L10,A,1,https://files.rcsb.org/download/1L10.pdb,data/wild/S250/1L10A.pdb,RCSB PDB asymmetric unit (.pdb)
S250,S250,1L11A,1L11,A,1,https://files.rcsb.org/download/1L11.pdb,data/wild/S250/1L11A.pdb,RCSB PDB asymmetric unit (.pdb)
S250,S250,1L12A,1L12,A,1,https://files.rcsb.org/download/1L12.pdb,data/wild/S250/1L12A.pdb,RCSB PDB asymmetric unit (.pdb)
S250,S250,1L13A,1L13,A,1,https://files.rcsb.org/download/1L13.pdb,data/wild/S250/1L13A.pdb,RCSB PDB asymmetric unit (.pdb)
S250,S250,1L14A,1L14,A,1,https://files.rcsb.org/download/1L14.pdb,data/wild/S250/1L14A.pdb,RCSB PDB asymmetric unit (.pdb)
S250,S250,1L15A,1L15,A,1,https://files.rcsb.org/download/1L15.pdb,data/wild/S250/1L15A.pdb,RCSB PDB asymmetric unit (.pdb)
S250,S250,1L16A,1L16,A,1,https://files.rcsb.org/download/1L16.pdb,data/wild/S250/1L16A.pdb,RCSB PDB asymmetric unit (.pdb)
S250,S250,1L17A,1L17,A,1,https://files.rcsb.org/download/1L17.pdb,data/wild/S250/1L17A.pdb,RCSB PDB asymmetric unit (.pdb)
S250,S250,1L18A,1L18,A,1,https://files.rcsb.org/download/1L18.pdb,data/wild/S250/1L18A.pdb,RCSB PDB asymmetric unit (.pdb)
S250,S250,1L19A,1L19,A,1,https://files.rcsb.org/download/1L19.pdb,data/wild/S250/1L19A.pdb,RCSB PDB asymmetric unit (.pdb)
S250,S250,1L20A,1L20,A,1,https://files.rcsb.org/download/1L20.pdb,data/wild/S250/1L20A.pdb,RCSB PDB asymmetric unit (.pdb)
S250,S250,1L21A,1L21,A,1,https://files.rcsb.org/download/1L21.pdb,data/wild/S250/1L21A.pdb,RCSB PDB asymmetric unit (.pdb)
S250,S250,1L23A,1L23,A,1,https://files.rcsb.org/download/1L23.pdb,data/wild/S250/1L23A.pdb,RCSB PDB asymmetric unit (.pdb)
S250,S250,1L24A,1L24,A,1,https://files.rcsb.org/download/1L24.pdb,data/wild/S250/1L24A.pdb,RCSB PDB asymmetric unit (.pdb)
S250,S250,1L33A,1L33,A,1,https://files.rcsb.org/download/1L33.pdb,data/wild/S250/1L33A.pdb,RCSB PDB asymmetric unit (.pdb)
S250,S250,1L34A,1L34,A,1,https://files.rcsb.org/download/1L34.pdb,data/wild/S250/1L34A.pdb,RCSB PDB asymmetric unit (.pdb)
S250,S250,1L38A,1L38,A,1,https://files.rcsb.org/download/1L38.pdb,data/wild/S250/1L38A.pdb,RCSB PDB asymmetric unit (.pdb)
S250,S250,1L40A,1L40,A,1,https://files.rcsb.org/download/1L40.pdb,data/wild/S250/1L40A.pdb,RCSB PDB asymmetric unit (.pdb)
S250,S250,1L42A,1L42,A,1,https://files.rcsb.org/download/1L42.pdb,data/wild/S250/1L42A.pdb,RCSB PDB asymmetric unit (.pdb)
S250,S250,1L45A,1L45,A,1,https://files.rcsb.org/download/1L45.pdb,data/wild/S250/1L45A.pdb,RCSB PDB asymmetric unit (.pdb)
S250,S250,1L47A,1L47,A,1,https://files.rcsb.org/download/1L47.pdb,data/wild/S250/1L47A.pdb,RCSB PDB asymmetric unit (.pdb)
S250,S250,1L48A,1L48,A,1,https://files.rcsb.org/download/1L48.pdb,data/wild/S250/1L48A.pdb,RCSB PDB asymmetric unit (.pdb)
S250,S250,1L52A,1L52,A,1,https://files.rcsb.org/download/1L52.pdb,data/wild/S250/1L52A.pdb,RCSB PDB asymmetric unit (.pdb)
S250,S250,1L53A,1L53,A,1,https://files.rcsb.org/download/1L53.pdb,data/wild/S250/1L53A.pdb,RCSB PDB asymmetric unit (.pdb)
S250,S250,1L54A,1L54,A,1,https://files.rcsb.org/download/1L54.pdb,data/wild/S250/1L54A.pdb,RCSB PDB asymmetric unit (.pdb)
S250,S250,1L56A,1L56,A,1,https://files.rcsb.org/download/1L56.pdb,data/wild/S250/1L56A.pdb,RCSB PDB asymmetric unit (.pdb)
S250,S250,1L60A,1L60,A,1,https://files.rcsb.org/download/1L60.pdb,data/wild/S250/1L60A.pdb,RCSB PDB asymmetric unit (.pdb)
S250,S250,1L98A,1L98,A,1,https://files.rcsb.org/download/1L98.pdb,data/wild/S250/1L98A.pdb,RCSB PDB asymmetric unit (.pdb)
S250,S250,1L99A,1L99,A,1,https://files.rcsb.org/download/1L99.pdb,data/wild/S250/1L99A.pdb,RCSB PDB asymmetric unit (.pdb)
S250,S250,1LAVA,1LAV,A,1,https://files.rcsb.org/download/1LAV.pdb,data/wild/S250/1LAVA.pdb,RCSB PDB asymmetric unit (.pdb)
S250,S250,1LAWA,1LAW,A,1,https://files.rcsb.org/download/1LAW.pdb,data/wild/S250/1LAWA.pdb,RCSB PDB asymmetric unit (.pdb)
S250,S250,1LHHA,1LHH,A,1,https://files.rcsb.org/download/1LHH.pdb,data/wild/S250/1LHHA.pdb,RCSB PDB asymmetric unit (.pdb)
S250,S250,1LHIA,1LHI,A,1,https://files.rcsb.org/download/1LHI.pdb,data/wild/S250/1LHIA.pdb,RCSB PDB asymmetric unit (.pdb)
S250,S250,1LHKA,1LHK,A,1,https://files.rcsb.org/download/1LHK.pdb,data/wild/S250/1LHKA.pdb,RCSB PDB asymmetric unit (.pdb)
S250,S250,1LSNA,1LSN,A,1,https://files.rcsb.org/download/1LSN.pdb,data/wild/S250/1LSNA.pdb,RCSB PDB asymmetric unit (.pdb)
S250,S250,1LZ1A,1LZ1,A,45,https://files.rcsb.org/download/1LZ1.pdb,data/wild/S250/1LZ1A.pdb,RCSB PDB asymmetric unit (.pdb)
S250,S250,1N0JA,1N0J,A,1,https://files.rcsb.org/download/1N0J.pdb,data/wild/S250/1N0JA.pdb,RCSB PDB asymmetric unit (.pdb)
S250,S250,1OPDA,1OPD,A,1,https://files.rcsb.org/download/1OPD.pdb,data/wild/S250/1OPDA.pdb,RCSB PDB asymmetric unit (.pdb)
S250,S250,1OUAA,1OUA,A,1,https://files.rcsb.org/download/1OUA.pdb,data/wild/S250/1OUAA.pdb,RCSB PDB asymmetric unit (.pdb)
S250,S250,1OUCA,1OUC,A,1,https://files.rcsb.org/download/1OUC.pdb,data/wild/S250/1OUCA.pdb,RCSB PDB asymmetric unit (.pdb)
S250,S250,1OUGA,1OUG,A,1,https://files.rcsb.org/download/1OUG.pdb,data/wild/S250/1OUGA.pdb,RCSB PDB asymmetric unit (.pdb)
S250,S250,1POHA,1POH,A,1,https://files.rcsb.org/download/1POH.pdb,data/wild/S250/1POHA.pdb,RCSB PDB asymmetric unit (.pdb)
S250,S250,1QT6A,1QT6,A,1,https://files.rcsb.org/download/1QT6.pdb,data/wild/S250/1QT6A.pdb,RCSB PDB asymmetric unit (.pdb)
S250,S250,1RBRA,1RBR,A,1,https://files.rcsb.org/download/1RBR.pdb,data/wild/S250/1RBRA.pdb,RCSB PDB asymmetric unit (.pdb)
S250,S250,1RBTA,1RBT,A,1,https://files.rcsb.org/download/1RBT.pdb,data/wild/S250/1RBTA.pdb,RCSB PDB asymmetric unit (.pdb)
S250,S250,1RBUA,1RBU,A,1,https://files.rcsb.org/download/1RBU.pdb,data/wild/S250/1RBUA.pdb,RCSB PDB asymmetric unit (.pdb)
S250,S250,1RBVA,1RBV,A,1,https://files.rcsb.org/download/1RBV.pdb,data/wild/S250/1RBVA.pdb,RCSB PDB asymmetric unit (.pdb)
S250,S250,1RDCA,1RDC,A,1,https://files.rcsb.org/download/1RDC.pdb,data/wild/S250/1RDCA.pdb,RCSB PDB asymmetric unit (.pdb)
S250,S250,1VARA,1VAR,A,1,https://files.rcsb.org/download/1VAR.pdb,data/wild/S250/1VARA.pdb,RCSB PDB asymmetric unit (.pdb)
S250,S250,1VQBA,1VQB,A,4,https://files.rcsb.org/download/1VQB.pdb,data/wild/S250/1VQBA.pdb,RCSB PDB asymmetric unit (.pdb)
S250,S250,1VQGA,1VQG,A,1,https://files.rcsb.org/download/1VQG.pdb,data/wild/S250/1VQGA.pdb,RCSB PDB asymmetric unit (.pdb)
S250,S250,1VQHA,1VQH,A,1,https://files.rcsb.org/download/1VQH.pdb,data/wild/S250/1VQHA.pdb,RCSB PDB asymmetric unit (.pdb)
S250,S250,1VQIA,1VQI,A,1,https://files.rcsb.org/download/1VQI.pdb,data/wild/S250/1VQIA.pdb,RCSB PDB asymmetric unit (.pdb)
S250,S250,1VQJA,1VQJ,A,1,https://files.rcsb.org/download/1VQJ.pdb,data/wild/S250/1VQJA.pdb,RCSB PDB asymmetric unit (.pdb)
S250,S250,1WQMA,1WQM,A,1,https://files.rcsb.org/download/1WQM.pdb,data/wild/S250/1WQMA.pdb,RCSB PDB asymmetric unit (.pdb)
S250,S250,1WQNA,1WQN,A,1,https://files.rcsb.org/download/1WQN.pdb,data/wild/S250/1WQNA.pdb,RCSB PDB asymmetric unit (.pdb)
S250,S250,1WQOA,1WQO,A,1,https://files.rcsb.org/download/1WQO.pdb,data/wild/S250/1WQOA.pdb,RCSB PDB asymmetric unit (.pdb)
S250,S250,1WQQA,1WQQ,A,1,https://files.rcsb.org/download/1WQQ.pdb,data/wild/S250/1WQQA.pdb,RCSB PDB asymmetric unit (.pdb)
S250,S250,1WQRA,1WQR,A,1,https://files.rcsb.org/download/1WQR.pdb,data/wild/S250/1WQRA.pdb,RCSB PDB asymmetric unit (.pdb)
S250,S250,1YAOA,1YAO,A,1,https://files.rcsb.org/download/1YAO.pdb,data/wild/S250/1YAOA.pdb,RCSB PDB asymmetric unit (.pdb)
S250,S250,1YAPA,1YAP,A,1,https://files.rcsb.org/download/1YAP.pdb,data/wild/S250/1YAPA.pdb,RCSB PDB asymmetric unit (.pdb)
S250,S250,1YAQA,1YAQ,A,1,https://files.rcsb.org/download/1YAQ.pdb,data/wild/S250/1YAQA.pdb,RCSB PDB asymmetric unit (.pdb)
S250,S250,230LA,230L,A,1,https://files.rcsb.org/download/230L.pdb,data/wild/S250/230LA.pdb,RCSB PDB asymmetric unit (.pdb)
S250,S250,237LA,237L,A,1,https://files.rcsb.org/download/237L.pdb,data/wild/S250/237LA.pdb,RCSB PDB asymmetric unit (.pdb)
S250,S250,242LA,242L,A,1,https://files.rcsb.org/download/242L.pdb,data/wild/S250/242LA.pdb,RCSB PDB asymmetric unit (.pdb)
S250,S250,246LA,246L,A,1,https://files.rcsb.org/download/246L.pdb,data/wild/S250/246LA.pdb,RCSB PDB asymmetric unit (.pdb)
S250,S250,247LA,247L,A,1,https://files.rcsb.org/download/247L.pdb,data/wild/S250/247LA.pdb,RCSB PDB asymmetric unit (.pdb)
S250,S250,253LA,253L,A,1,https://files.rcsb.org/download/253L.pdb,data/wild/S250/253LA.pdb,RCSB PDB asymmetric unit (.pdb)
S250,S250,254LA,254L,A,1,https://files.rcsb.org/download/254L.pdb,data/wild/S250/254LA.pdb,RCSB PDB asymmetric unit (.pdb)
S250,S250,255LA,255L,A,1,https://files.rcsb.org/download/255L.pdb,data/wild/S250/255LA.pdb,RCSB PDB asymmetric unit (.pdb)
S250,S250,2BQBA,2BQB,A,1,https://files.rcsb.org/download/2BQB.pdb,data/wild/S250/2BQBA.pdb,RCSB PDB asymmetric unit (.pdb)
S250,S250,2BQCA,2BQC,A,1,https://files.rcsb.org/download/2BQC.pdb,data/wild/S250/2BQCA.pdb,RCSB PDB asymmetric unit (.pdb)
S250,S250,2BQGA,2BQG,A,1,https://files.rcsb.org/download/2BQG.pdb,data/wild/S250/2BQGA.pdb,RCSB PDB asymmetric unit (.pdb)
S250,S250,2BQIA,2BQI,A,1,https://files.rcsb.org/download/2BQI.pdb,data/wild/S250/2BQIA.pdb,RCSB PDB asymmetric unit (.pdb)
S250,S250,2BQJA,2BQJ,A,1,https://files.rcsb.org/download/2BQJ.pdb,data/wild/S250/2BQJA.pdb,RCSB PDB asymmetric unit (.pdb)
S250,S250,2BQKA,2BQK,A,1,https://files.rcsb.org/download/2BQK.pdb,data/wild/S250/2BQKA.pdb,RCSB PDB asymmetric unit (.pdb)
S250,S250,2BQMA,2BQM,A,1,https://files.rcsb.org/download/2BQM.pdb,data/wild/S250/2BQMA.pdb,RCSB PDB asymmetric unit (.pdb)
S250,S250,2BQNA,2BQN,A,1,https://files.rcsb.org/download/2BQN.pdb,data/wild/S250/2BQNA.pdb,RCSB PDB asymmetric unit (.pdb)
S250,S250,2BQOA,2BQO,A,1,https://files.rcsb.org/download/2BQO.pdb,data/wild/S250/2BQOA.pdb,RCSB PDB asymmetric unit (.pdb)
S250,S250,2HEAA,2HEA,A,1,https://files.rcsb.org/download/2HEA.pdb,data/wild/S250/2HEAA.pdb,RCSB PDB asymmetric unit (.pdb)
S250,S250,2HEBA,2HEB,A,1,https://files.rcsb.org/download/2HEB.pdb,data/wild/S250/2HEBA.pdb,RCSB PDB asymmetric unit (.pdb)
S250,S250,2HECA,2HEC,A,1,https://files.rcsb.org/download/2HEC.pdb,data/wild/S250/2HECA.pdb,RCSB PDB asymmetric unit (.pdb)
S250,S250,2HEDA,2HED,A,1,https://files.rcsb.org/download/2HED.pdb,data/wild/S250/2HEDA.pdb,RCSB PDB asymmetric unit (.pdb)
S250,S250,2HEEA,2HEE,A,1,https://files.rcsb.org/download/2HEE.pdb,data/wild/S250/2HEEA.pdb,RCSB PDB asymmetric unit (.pdb)
S250,S250,2HEFA,2HEF,A,1,https://files.rcsb.org/download/2HEF.pdb,data/wild/S250/2HEFA.pdb,RCSB PDB asymmetric unit (.pdb)
S250,S250,2LZMA,2LZM,A,49,https://files.rcsb.org/download/2LZM.pdb,data/wild/S250/2LZMA.pdb,RCSB PDB asymmetric unit (.pdb)
S250,S250,2RN2A,2RN2,A,10,https://files.rcsb.org/download/2RN2.pdb,data/wild/S250/2RN2A.pdb,RCSB PDB asymmetric unit (.pdb)
S250,S250,4LYZA,4LYZ,A,4,https://files.rcsb.org/download/4LYZ.pdb,data/wild/S250/4LYZA.pdb,RCSB PDB asymmetric unit (.pdb)
S250,S250,8PTIA,8PTI,A,1,https://files.rcsb.org/download/8PTI.pdb,data/wild/S250/8PTIA.pdb,RCSB PDB asymmetric unit (.pdb)
S350,S350,1AJ3A,1AJ3,A,20,https://files.rcsb.org/download/1AJ3.pdb,data/wild/S350/1AJ3A.pdb,RCSB PDB asymmetric unit (.pdb)
S350,S350,1AJOA,1AJO,A,8,https://files.rcsb.org/download/1AJO.pdb,data/wild/S350/1AJOA.pdb,RCSB PDB asymmetric unit (.pdb)
S350,S350,1AKYA,1AKY,A,1,https://files.rcsb.org/download/1AKY.pdb,data/wild/S350/1AKYA.pdb,RCSB PDB asymmetric unit (.pdb)
S350,S350,1AONU,1AON,U,1,https://files.rcsb.org/download/1AON.pdb,data/wild/S350/1AONU.pdb,RCSB PDB asymmetric unit (.pdb)
S350,S350,1APSA,1APS,A,1,https://files.rcsb.org/download/1APS.pdb,data/wild/S350/1APSA.pdb,RCSB PDB asymmetric unit (.pdb)
S350,S350,1BNIA,1BNI,A,3,https://files.rcsb.org/download/1BNI.pdb,data/wild/S350/1BNIA.pdb,RCSB PDB asymmetric unit (.pdb)
S350,S350,1BTAA,1BTA,A,3,https://files.rcsb.org/download/1BTA.pdb,data/wild/S350/1BTAA.pdb,RCSB PDB asymmetric unit (.pdb)
S350,S350,1BVCA,1BVC,A,3,https://files.rcsb.org/download/1BVC.pdb,data/wild/S350/1BVCA.pdb,RCSB PDB asymmetric unit (.pdb)
S350,S350,1C9OA,1C9O,A,5,https://files.rcsb.org/download/1C9O.pdb,data/wild/S350/1C9OA.pdb,RCSB PDB asymmetric unit (.pdb)
S350,S350,1CEYA,1CEY,A,7,https://files.rcsb.org/download/1CEY.pdb,data/wild/S350/1CEYA.pdb,RCSB PDB asymmetric unit (.pdb)
S350,S350,1CSEI,1CSE,I,1,https://files.rcsb.org/download/1CSE.pdb,data/wild/S350/1CSEI.pdb,RCSB PDB asymmetric unit (.pdb)
S350,S350,1CSPA,1CSP,A,4,https://files.rcsb.org/download/1CSP.pdb,data/wild/S350/1CSPA.pdb,RCSB PDB asymmetric unit (.pdb)
S350,S350,1CUNA,1CUN,A,17,https://files.rcsb.org/download/1CUN.pdb,data/wild/S350/1CUNA.pdb,RCSB PDB asymmetric unit (.pdb)
S350,S350,1DKTA,1DKT,A,6,https://files.rcsb.org/download/1DKT.pdb,data/wild/S350/1DKTA.pdb,RCSB PDB asymmetric unit (.pdb)
S350,S350,1EY0A,1EY0,A,50,https://files.rcsb.org/download/1EY0.pdb,data/wild/S350/1EY0A.pdb,RCSB PDB asymmetric unit (.pdb)
S350,S350,1FNAA,1FNA,A,2,https://files.rcsb.org/download/1FNA.pdb,data/wild/S350/1FNAA.pdb,RCSB PDB asymmetric unit (.pdb)
S350,S350,1FTGA,1FTG,A,11,https://files.rcsb.org/download/1FTG.pdb,data/wild/S350/1FTGA.pdb,RCSB PDB asymmetric unit (.pdb)
S350,S350,1G4IA,1G4I,A,5,https://files.rcsb.org/download/1G4I.pdb,data/wild/S350/1G4IA.pdb,RCSB PDB asymmetric unit (.pdb)
S350,S350,1H7MA,1H7M,A,8,https://files.rcsb.org/download/1H7M.pdb,data/wild/S350/1H7MA.pdb,RCSB PDB asymmetric unit (.pdb)
S350,S350,1HFZA,1HFZ,A,6,https://files.rcsb.org/download/1HFZ.pdb,data/wild/S350/1HFZA.pdb,RCSB PDB asymmetric unit (.pdb)
S350,S350,1HMEA,1HME,A,1,https://files.rcsb.org/download/1HME.pdb,data/wild/S350/1HMEA.pdb,RCSB PDB asymmetric unit (.pdb)
S350,S350,1HMKA,1HMK,A,11,https://files.rcsb.org/download/1HMK.pdb,data/wild/S350/1HMKA.pdb,RCSB PDB asymmetric unit (.pdb)
S350,S350,1HMSA,1HMS,A,6,https://files.rcsb.org/download/1HMS.pdb,data/wild/S350/1HMSA.pdb,RCSB PDB asymmetric unit (.pdb)
S350,S350,1IETA,1IET,A,1,https://files.rcsb.org/download/1IET.pdb,data/wild/S350/1IETA.pdb,RCSB PDB asymmetric unit (.pdb)
S350,S350,1IFCA,1IFC,A,7,https://files.rcsb.org/download/1IFC.pdb,data/wild/S350/1IFCA.pdb,RCSB PDB asymmetric unit (.pdb)
S350,S350,1IGVA,1IGV,A,3,https://files.rcsb.org/download/1IGV.pdb,data/wild/S350/1IGVA.pdb,RCSB PDB asymmetric unit (.pdb)
S350,S350,1IHBA,1IHB,A,2,https://files.rcsb.org/download/1IHB.pdb,data/wild/S350/1IHBA.pdb,RCSB PDB asymmetric unit (.pdb)
S350,S350,1IMQA,1IMQ,A,3,https://files.rcsb.org/download/1IMQ.pdb,data/wild/S350/1IMQA.pdb,RCSB PDB asymmetric unit (.pdb)
S350,S350,1IROA,1IRO,A,2,https://files.rcsb.org/download/1IRO.pdb,data/wild/S350/1IROA.pdb,RCSB PDB asymmetric unit (.pdb)
S350,S350,1JIWI,1JIW,I,2,https://files.rcsb.org/download/1JIW.pdb,data/wild/S350/1JIWI.pdb,RCSB PDB asymmetric unit (.pdb)
S350,S350,1K9QA,1K9Q,A,1,https://files.rcsb.org/download/1K9Q.pdb,data/wild/S350/1K9QA.pdb,RCSB PDB asymmetric unit (.pdb)
S350,S350,1KFWA,1KFW,A,2,https://files.rcsb.org/download/1KFW.pdb,data/wild/S350/1KFWA.pdb,RCSB PDB asymmetric unit (.pdb)
S350,S350,1LNIA,1LNI,A,14,https://files.rcsb.org/download/1LNI.pdb,data/wild/S350/1LNIA.pdb,RCSB PDB asymmetric unit (.pdb)
S350,S350,1LZ1A,1LZ1,A,2,https://files.rcsb.org/download/1LZ1.pdb,data/wild/S350/1LZ1A.pdb,RCSB PDB asymmetric unit (.pdb)
S350,S350,1MGRA,1MGR,A,2,https://files.rcsb.org/download/1MGR.pdb,data/wild/S350/1MGRA.pdb,RCSB PDB asymmetric unit (.pdb)
S350,S350,1MJCA,1MJC,A,4,https://files.rcsb.org/download/1MJC.pdb,data/wild/S350/1MJCA.pdb,RCSB PDB asymmetric unit (.pdb)
S350,S350,1MSIA,1MSI,A,3,https://files.rcsb.org/download/1MSI.pdb,data/wild/S350/1MSIA.pdb,RCSB PDB asymmetric unit (.pdb)
S350,S350,1OIAA,1OIA,A,2,https://files.rcsb.org/download/1OIA.pdb,data/wild/S350/1OIAA.pdb,RCSB PDB asymmetric unit (.pdb)
S350,S350,1P2PA,1P2P,A,1,https://files.rcsb.org/download/1P2P.pdb,data/wild/S350/1P2PA.pdb,RCSB PDB asymmetric unit (.pdb)
S350,S350,1QLPA,1QLP,A,19,https://files.rcsb.org/download/1QLP.pdb,data/wild/S350/1QLPA.pdb,RCSB PDB asymmetric unit (.pdb)
S350,S350,1RG8A,1RG8,A,4,https://files.rcsb.org/download/1RG8.pdb,data/wild/S350/1RG8A.pdb,RCSB PDB asymmetric unit (.pdb)
S350,S350,1RISA,1RIS,A,7,https://files.rcsb.org/download/1RIS.pdb,data/wild/S350/1RISA.pdb,RCSB PDB asymmetric unit (.pdb)
S350,S350,1RN1C,1RN1,C,5,https://files.rcsb.org/download/1RN1.pdb,data/wild/S350/1RN1C.pdb,RCSB PDB asymmetric unit (.pdb)
S350,S350,1RTBA,1RTB,A,5,https://files.rcsb.org/download/1RTB.pdb,data/wild/S350/1RTBA.pdb,RCSB PDB asymmetric unit (.pdb)
S350,S350,1RTPA,1RTP,A,1,https://files.rcsb.org/download/1RTP.pdb,data/wild/S350/1RTPA.pdb,RCSB PDB asymmetric unit (.pdb)
S350,S350,1SHFA,1SHF,A,15,https://files.rcsb.org/download/1SHF.pdb,data/wild/S350/1SHFA.pdb,RCSB PDB asymmetric unit (.pdb)
S350,S350,1TITA,1TIT,A,3,https://files.rcsb.org/download/1TIT.pdb,data/wild/S350/1TITA.pdb,RCSB PDB asymmetric unit (.pdb)
S350,S350,1TTQA,1TTQ,A,2,https://files.rcsb.org/download/1TTQ.pdb,data/wild/S350/1TTQA.pdb,RCSB PDB asymmetric unit (.pdb)
S350,S350,1UZCA,1UZC,A,4,https://files.rcsb.org/download/1UZC.pdb,data/wild/S350/1UZCA.pdb,RCSB PDB asymmetric unit (.pdb)
S350,S350,1YYJA,1YYJ,A,5,https://files.rcsb.org/download/1YYJ.pdb,data/wild/S350/1YYJA.pdb,RCSB PDB asymmetric unit (.pdb)
S350,S350,1ZG4A,1ZG4,A,1,https://files.rcsb.org/download/1ZG4.pdb,data/wild/S350/1ZG4A.pdb,RCSB PDB asymmetric unit (.pdb)
S350,S350,1ZNJB,1ZNJ,B,3,https://files.rcsb.org/download/1ZNJ.pdb,data/wild/S350/1ZNJB.pdb,RCSB PDB asymmetric unit (.pdb)
S350,S350,2A01A,2A01,A,1,https://files.rcsb.org/download/2A01.pdb,data/wild/S350/2A01A.pdb,RCSB PDB asymmetric unit (.pdb)
S350,S350,2A36A,2A36,A,4,https://files.rcsb.org/download/2A36.pdb,data/wild/S350/2A36A.pdb,RCSB PDB asymmetric unit (.pdb)
S350,S350,2DRIA,2DRI,A,1,https://files.rcsb.org/download/2DRI.pdb,data/wild/S350/2DRIA.pdb,RCSB PDB asymmetric unit (.pdb)
S350,S350,2IMMA,2IMM,A,5,https://files.rcsb.org/download/2IMM.pdb,data/wild/S350/2IMMA.pdb,RCSB PDB asymmetric unit (.pdb)
S350,S350,2LZMA,2LZM,A,4,https://files.rcsb.org/download/2LZM.pdb,data/wild/S350/2LZMA.pdb,RCSB PDB asymmetric unit (.pdb)
S350,S350,2NVHA,2NVH,A,3,https://files.rcsb.org/download/2NVH.pdb,data/wild/S350/2NVHA.pdb,RCSB PDB asymmetric unit (.pdb)
S350,S350,2RN2A,2RN2,A,2,https://files.rcsb.org/download/2RN2.pdb,data/wild/S350/2RN2A.pdb,RCSB PDB asymmetric unit (.pdb)
S350,S350,2TRXA,2TRX,A,2,https://files.rcsb.org/download/2TRX.pdb,data/wild/S350/2TRXA.pdb,RCSB PDB asymmetric unit (.pdb)
S350,S350,3GLYA,3GLY,A,2,https://files.rcsb.org/download/3GLY.pdb,data/wild/S350/3GLYA.pdb,RCSB PDB asymmetric unit (.pdb)
S350,S350,3MBPA,3MBP,A,1,https://files.rcsb.org/download/3MBP.pdb,data/wild/S350/3MBPA.pdb,RCSB PDB asymmetric unit (.pdb)
S350,S350,3PGKA,3PGK,A,4,https://files.rcsb.org/download/3PGK.pdb,data/wild/S350/3PGKA.pdb,RCSB PDB asymmetric unit (.pdb)
S350,S350,3SILA,3SIL,A,1,https://files.rcsb.org/download/3SIL.pdb,data/wild/S350/3SILA.pdb,RCSB PDB asymmetric unit (.pdb)
S350,S350,4LYZA,4LYZ,A,1,https://files.rcsb.org/download/4LYZ.pdb,data/wild/S350/4LYZA.pdb,RCSB PDB asymmetric unit (.pdb)
S350,S350,5DFRA,5DFR,A,11,https://files.rcsb.org/download/5DFR.pdb,data/wild/S350/5DFRA.pdb,RCSB PDB asymmetric unit (.pdb)
S350,S350,5PTIA,5PTI,A,3,https://files.rcsb.org/download/5PTI.pdb,data/wild/S350/5PTIA.pdb,RCSB PDB asymmetric unit (.pdb)
S605,S605,1AARA,1AAR,A,1,https://files.rcsb.org/download/1AAR.pdb,data/wild/S605/1AARA.pdb,RCSB PDB asymmetric unit (.pdb)
S605,S605,1AJ3A,1AJ3,A,23,https://files.rcsb.org/download/1AJ3.pdb,data/wild/S605/1AJ3A.pdb,RCSB PDB asymmetric unit (.pdb)
S605,S605,1APSA,1APS,A,7,https://files.rcsb.org/download/1APS.pdb,data/wild/S605/1APSA.pdb,RCSB PDB asymmetric unit (.pdb)
S605,S605,1B5MA,1B5M,A,2,https://files.rcsb.org/download/1B5M.pdb,data/wild/S605/1B5MA.pdb,RCSB PDB asymmetric unit (.pdb)
S605,S605,1BNIA,1BNI,A,18,https://files.rcsb.org/download/1BNI.pdb,data/wild/S605/1BNIA.pdb,RCSB PDB asymmetric unit (.pdb)
S605,S605,1BNLA,1BNL,A,1,https://files.rcsb.org/download/1BNL.pdb,data/wild/S605/1BNLA.pdb,RCSB PDB asymmetric unit (.pdb)
S605,S605,1BPIA,1BPI,A,6,https://files.rcsb.org/download/1BPI.pdb,data/wild/S605/1BPIA.pdb,RCSB PDB asymmetric unit (.pdb)
S605,S605,1BTAA,1BTA,A,3,https://files.rcsb.org/download/1BTA.pdb,data/wild/S605/1BTAA.pdb,RCSB PDB asymmetric unit (.pdb)
S605,S605,1BVCA,1BVC,A,14,https://files.rcsb.org/download/1BVC.pdb,data/wild/S605/1BVCA.pdb,RCSB PDB asymmetric unit (.pdb)
S605,S605,1CEYA,1CEY,A,4,https://files.rcsb.org/download/1CEY.pdb,data/wild/S605/1CEYA.pdb,RCSB PDB asymmetric unit (.pdb)
S605,S605,1CSPA,1CSP,A,6,https://files.rcsb.org/download/1CSP.pdb,data/wild/S605/1CSPA.pdb,RCSB PDB asymmetric unit (.pdb)
S605,S605,1CYOA,1CYO,A,1,https://files.rcsb.org/download/1CYO.pdb,data/wild/S605/1CYOA.pdb,RCSB PDB asymmetric unit (.pdb)
S605,S605,1DILA,1DIL,A,2,https://files.rcsb.org/download/1DIL.pdb,data/wild/S605/1DILA.pdb,RCSB PDB asymmetric unit (.pdb)
S605,S605,1DIVA,1DIV,A,30,https://files.rcsb.org/download/1DIV.pdb,data/wild/S605/1DIVA.pdb,RCSB PDB asymmetric unit (.pdb)
S605,S605,1FLVA,1FLV,A,11,https://files.rcsb.org/download/1FLV.pdb,data/wild/S605/1FLVA.pdb,RCSB PDB asymmetric unit (.pdb)
S605,S605,1FNFA,1FNF,A,1,https://files.rcsb.org/download/1FNF.pdb,data/wild/S605/1FNFA.pdb,RCSB PDB asymmetric unit (.pdb)
S605,S605,1FTGA,1FTG,A,29,https://files.rcsb.org/download/1FTG.pdb,data/wild/S605/1FTGA.pdb,RCSB PDB asymmetric unit (.pdb)
S605,S605,1HMEA,1HME,A,1,https://files.rcsb.org/download/1HME.pdb,data/wild/S605/1HMEA.pdb,RCSB PDB asymmetric unit (.pdb)
S605,S605,1HNGA,1HNG,A,10,https://files.rcsb.org/download/1HNG.pdb,data/wild/S605/1HNGA.pdb,RCSB PDB asymmetric unit (.pdb)
S605,S605,1HZ6A,1HZ6,A,58,https://files.rcsb.org/download/1HZ6.pdb,data/wild/S605/1HZ6A.pdb,RCSB PDB asymmetric unit (.pdb)
S605,S605,1IFBA,1IFB,A,4,https://files.rcsb.org/download/1IFB.pdb,data/wild/S605/1IFBA.pdb,RCSB PDB asymmetric unit (.pdb)
S605,S605,1IGVA,1IGV,A,4,https://files.rcsb.org/download/1IGV.pdb,data/wild/S605/1IGVA.pdb,RCSB PDB asymmetric unit (.pdb)
S605,S605,1IHBA,1IHB,A,5,https://files.rcsb.org/download/1IHB.pdb,data/wild/S605/1IHBA.pdb,RCSB PDB asymmetric unit (.pdb)
S605,S605,1IOBA,1IOB,A,8,https://files.rcsb.org/download/1IOB.pdb,data/wild/S605/1IOBA.pdb,RCSB PDB asymmetric unit (.pdb)
S605,S605,1LS4A,1LS4,A,4,https://files.rcsb.org/download/1LS4.pdb,data/wild/S605/1LS4A.pdb,RCSB PDB asymmetric unit (.pdb)
S605,S605,1MGRA,1MGR,A,2,https://files.rcsb.org/download/1MGR.pdb,data/wild/S605/1MGRA.pdb,RCSB PDB asymmetric unit (.pdb)
S605,S605,1MJCA,1MJC,A,4,https://files.rcsb.org/download/1MJC.pdb,data/wild/S605/1MJCA.pdb,RCSB PDB asymmetric unit (.pdb)
S605,S605,1MSIA,1MSI,A,3,https://files.rcsb.org/download/1MSI.pdb,data/wild/S605/1MSIA.pdb,RCSB PDB asymmetric unit (.pdb)
S605,S605,1OIAA,1OIA,A,3,https://files.rcsb.org/download/1OIA.pdb,data/wild/S605/1OIAA.pdb,RCSB PDB asymmetric unit (.pdb)
S605,S605,1ONCA,1ONC,A,1,https://files.rcsb.org/download/1ONC.pdb,data/wild/S605/1ONCA.pdb,RCSB PDB asymmetric unit (.pdb)
S605,S605,1PGAA,1PGA,A,18,https://files.rcsb.org/download/1PGA.pdb,data/wild/S605/1PGAA.pdb,RCSB PDB asymmetric unit (.pdb)
S605,S605,1QLPA,1QLP,A,17,https://files.rcsb.org/download/1QLP.pdb,data/wild/S605/1QLPA.pdb,RCSB PDB asymmetric unit (.pdb)
S605,S605,1RGGA,1RGG,A,7,https://files.rcsb.org/download/1RGG.pdb,data/wild/S605/1RGGA.pdb,RCSB PDB asymmetric unit (.pdb)
S605,S605,1RISA,1RIS,A,7,https://files.rcsb.org/download/1RIS.pdb,data/wild/S605/1RISA.pdb,RCSB PDB asymmetric unit (.pdb)
S605,S605,1RTBA,1RTB,A,2,https://files.rcsb.org/download/1RTB.pdb,data/wild/S605/1RTBA.pdb,RCSB PDB asymmetric unit (.pdb)
S605,S605,1SHFA,1SHF,A,13,https://files.rcsb.org/download/1SHF.pdb,data/wild/S605/1SHFA.pdb,RCSB PDB asymmetric unit (.pdb)
S605,S605,1SHGA,1SHG,A,3,https://files.rcsb.org/download/1SHG.pdb,data/wild/S605/1SHGA.pdb,RCSB PDB asymmetric unit (.pdb)
S605,S605,1STNA,1STN,A,98,https://files.rcsb.org/download/1STN.pdb,data/wild/S605/1STNA.pdb,RCSB PDB asymmetric unit (.pdb)
S605,S605,1TENA,1TEN,A,1,https://files.rcsb.org/download/1TEN.pdb,data/wild/S605/1TENA.pdb,RCSB PDB asymmetric unit (.pdb)
S605,S605,1TITA,1TIT,A,10,https://files.rcsb.org/download/1TIT.pdb,data/wild/S605/1TITA.pdb,RCSB PDB asymmetric unit (.pdb)
S605,S605,1TTGA,1TTG,A,7,https://files.rcsb.org/download/1TTG.pdb,data/wild/S605/1TTGA.pdb,RCSB PDB asymmetric unit (.pdb)
S605,S605,1UBQA,1UBQ,A,4,https://files.rcsb.org/download/1UBQ.pdb,data/wild/S605/1UBQA.pdb,RCSB PDB asymmetric unit (.pdb)
S605,S605,1W4HA,1W4H,A,24,https://files.rcsb.org/download/1W4H.pdb,data/wild/S605/1W4HA.pdb,RCSB PDB asymmetric unit (.pdb)
S605,S605,1ZNJA,1ZNJ,A,3,https://files.rcsb.org/download/1ZNJ.pdb,data/wild/S605/1ZNJA.pdb,RCSB PDB asymmetric unit (.pdb)
S605,S605,2AFGA,2AFG,A,12,https://files.rcsb.org/download/2AFG.pdb,data/wild/S605/2AFGA.pdb,RCSB PDB asymmetric unit (.pdb)
S605,S605,2CI2I,2CI2,I,4,https://files.rcsb.org/download/2CI2.pdb,data/wild/S605/2CI2I.pdb,RCSB PDB asymmetric unit (.pdb)
S605,S605,2HMBA,2HMB,A,9,https://files.rcsb.org/download/2HMB.pdb,data/wild/S605/2HMBA.pdb,RCSB PDB asymmetric unit (.pdb)
S605,S605,2IFBA,2IFB,A,10,https://files.rcsb.org/download/2IFB.pdb,data/wild/S605/2IFBA.pdb,RCSB PDB asymmetric unit (.pdb)
S605,S605,2LZMA,2LZM,A,29,https://files.rcsb.org/download/2LZM.pdb,data/wild/S605/2LZMA.pdb,RCSB PDB asymmetric unit (.pdb)
S605,S605,2Q98A,2Q98,A,9,https://files.rcsb.org/download/2Q98.pdb,data/wild/S605/2Q98A.pdb,RCSB PDB asymmetric unit (.pdb)
S605,S605,2RN2A,2RN2,A,12,https://files.rcsb.org/download/2RN2.pdb,data/wild/S605/2RN2A.pdb,RCSB PDB asymmetric unit (.pdb)
S605,S605,2TRXA,2TRX,A,4,https://files.rcsb.org/download/2TRX.pdb,data/wild/S605/2TRXA.pdb,RCSB PDB asymmetric unit (.pdb)
S605,S605,3BLSA,3BLS,A,1,https://files.rcsb.org/download/3BLS.pdb,data/wild/S605/3BLSA.pdb,RCSB PDB asymmetric unit (.pdb)
S605,S605,3D2AA,3D2A,A,3,https://files.rcsb.org/download/3D2A.pdb,data/wild/S605/3D2AA.pdb,RCSB PDB asymmetric unit (.pdb)
S605,S605,3MBPA,3MBP,A,15,https://files.rcsb.org/download/3MBP.pdb,data/wild/S605/3MBPA.pdb,RCSB PDB asymmetric unit (.pdb)
S605,S605,3PGKA,3PGK,A,1,https://files.rcsb.org/download/3PGK.pdb,data/wild/S605/3PGKA.pdb,RCSB PDB asymmetric unit (.pdb)
S605,S605,4LYZA,4LYZ,A,1,https://files.rcsb.org/download/4LYZ.pdb,data/wild/S605/4LYZA.pdb,RCSB PDB asymmetric unit (.pdb)
S605,S605,5AZUA,5AZU,A,3,https://files.rcsb.org/download/5AZU.pdb,data/wild/S605/5AZUA.pdb,RCSB PDB asymmetric unit (.pdb)
S879,S879,107LA,107L,A,1,https://files.rcsb.org/download/107L.pdb,data/wild/S879/107LA.pdb,RCSB PDB asymmetric unit (.pdb)
S879,S879,108LA,108L,A,1,https://files.rcsb.org/download/108L.pdb,data/wild/S879/108LA.pdb,RCSB PDB asymmetric unit (.pdb)
S879,S879,109LA,109L,A,1,https://files.rcsb.org/download/109L.pdb,data/wild/S879/109LA.pdb,RCSB PDB asymmetric unit (.pdb)
S879,S879,110LA,110L,A,1,https://files.rcsb.org/download/110L.pdb,data/wild/S879/110LA.pdb,RCSB PDB asymmetric unit (.pdb)
S879,S879,111LA,111L,A,1,https://files.rcsb.org/download/111L.pdb,data/wild/S879/111LA.pdb,RCSB PDB asymmetric unit (.pdb)
S879,S879,112LA,112L,A,1,https://files.rcsb.org/download/112L.pdb,data/wild/S879/112LA.pdb,RCSB PDB asymmetric unit (.pdb)
S879,S879,113LA,113L,A,1,https://files.rcsb.org/download/113L.pdb,data/wild/S879/113LA.pdb,RCSB PDB asymmetric unit (.pdb)
S879,S879,114LA,114L,A,1,https://files.rcsb.org/download/114L.pdb,data/wild/S879/114LA.pdb,RCSB PDB asymmetric unit (.pdb)
S879,S879,115LA,115L,A,1,https://files.rcsb.org/download/115L.pdb,data/wild/S879/115LA.pdb,RCSB PDB asymmetric unit (.pdb)
S879,S879,118LA,118L,A,1,https://files.rcsb.org/download/118L.pdb,data/wild/S879/118LA.pdb,RCSB PDB asymmetric unit (.pdb)
S879,S879,119LA,119L,A,1,https://files.rcsb.org/download/119L.pdb,data/wild/S879/119LA.pdb,RCSB PDB asymmetric unit (.pdb)
S879,S879,120LA,120L,A,1,https://files.rcsb.org/download/120L.pdb,data/wild/S879/120LA.pdb,RCSB PDB asymmetric unit (.pdb)
S879,S879,122LA,122L,A,1,https://files.rcsb.org/download/122L.pdb,data/wild/S879/122LA.pdb,RCSB PDB asymmetric unit (.pdb)
S879,S879,123LA,123L,A,1,https://files.rcsb.org/download/123L.pdb,data/wild/S879/123LA.pdb,RCSB PDB asymmetric unit (.pdb)
S879,S879,125LA,125L,A,1,https://files.rcsb.org/download/125L.pdb,data/wild/S879/125LA.pdb,RCSB PDB asymmetric unit (.pdb)
S879,S879,126LA,126L,A,1,https://files.rcsb.org/download/126L.pdb,data/wild/S879/126LA.pdb,RCSB PDB asymmetric unit (.pdb)
S879,S879,127LA,127L,A,1,https://files.rcsb.org/download/127L.pdb,data/wild/S879/127LA.pdb,RCSB PDB asymmetric unit (.pdb)
S879,S879,128LA,128L,A,1,https://files.rcsb.org/download/128L.pdb,data/wild/S879/128LA.pdb,RCSB PDB asymmetric unit (.pdb)
S879,S879,137LA,137L,A,1,https://files.rcsb.org/download/137L.pdb,data/wild/S879/137LA.pdb,RCSB PDB asymmetric unit (.pdb)
S879,S879,1AARA,1AAR,A,10,https://files.rcsb.org/download/1AAR.pdb,data/wild/S879/1AARA.pdb,RCSB PDB asymmetric unit (.pdb)
S879,S879,1AJ3A,1AJ3,A,3,https://files.rcsb.org/download/1AJ3.pdb,data/wild/S879/1AJ3A.pdb,RCSB PDB asymmetric unit (.pdb)
S879,S879,1AKKA,1AKK,A,1,https://files.rcsb.org/download/1AKK.pdb,data/wild/S879/1AKKA.pdb,RCSB PDB asymmetric unit (.pdb)
S879,S879,1APSA,1APS,A,6,https://files.rcsb.org/download/1APS.pdb,data/wild/S879/1APSA.pdb,RCSB PDB asymmetric unit (.pdb)
S879,S879,1AYFB,1AYF,B,11,https://files.rcsb.org/download/1AYF.pdb,data/wild/S879/1AYFB.pdb,RCSB PDB asymmetric unit (.pdb)
S879,S879,1B5MA,1B5M,A,2,https://files.rcsb.org/download/1B5M.pdb,data/wild/S879/1B5MA.pdb,RCSB PDB asymmetric unit (.pdb)
S879,S879,1BNIA,1BNI,A,18,https://files.rcsb.org/download/1BNI.pdb,data/wild/S879/1BNIA.pdb,RCSB PDB asymmetric unit (.pdb)
S879,S879,1BNLA,1BNL,A,1,https://files.rcsb.org/download/1BNL.pdb,data/wild/S879/1BNLA.pdb,RCSB PDB asymmetric unit (.pdb)
S879,S879,1BPIA,1BPI,A,43,https://files.rcsb.org/download/1BPI.pdb,data/wild/S879/1BPIA.pdb,RCSB PDB asymmetric unit (.pdb)
S879,S879,1BPTA,1BPT,A,1,https://files.rcsb.org/download/1BPT.pdb,data/wild/S879/1BPTA.pdb,RCSB PDB asymmetric unit (.pdb)
S879,S879,1C2RA,1C2R,A,5,https://files.rcsb.org/download/1C2R.pdb,data/wild/S879/1C2RA.pdb,RCSB PDB asymmetric unit (.pdb)
S879,S879,1CTWA,1CTW,A,1,https://files.rcsb.org/download/1CTW.pdb,data/wild/S879/1CTWA.pdb,RCSB PDB asymmetric unit (.pdb)
S879,S879,1CU0A,1CU0,A,1,https://files.rcsb.org/download/1CU0.pdb,data/wild/S879/1CU0A.pdb,RCSB PDB asymmetric unit (.pdb)
S879,S879,1CU2A,1CU2,A,1,https://files.rcsb.org/download/1CU2.pdb,data/wild/S879/1CU2A.pdb,RCSB PDB asymmetric unit (.pdb)
S879,S879,1CU3A,1CU3,A,1,https://files.rcsb.org/download/1CU3.pdb,data/wild/S879/1CU3A.pdb,RCSB PDB asymmetric unit (.pdb)
S879,S879,1CU5A,1CU5,A,1,https://files.rcsb.org/download/1CU5.pdb,data/wild/S879/1CU5A.pdb,RCSB PDB asymmetric unit (.pdb)
S879,S879,1CU6A,1CU6,A,1,https://files.rcsb.org/download/1CU6.pdb,data/wild/S879/1CU6A.pdb,RCSB PDB asymmetric unit (.pdb)
S879,S879,1CUPA,1CUP,A,1,https://files.rcsb.org/download/1CUP.pdb,data/wild/S879/1CUPA.pdb,RCSB PDB asymmetric unit (.pdb)
S879,S879,1CUQA,1CUQ,A,1,https://files.rcsb.org/download/1CUQ.pdb,data/wild/S879/1CUQA.pdb,RCSB PDB asymmetric unit (.pdb)
S879,S879,1CV0A,1CV0,A,1,https://files.rcsb.org/download/1CV0.pdb,data/wild/S879/1CV0A.pdb,RCSB PDB asymmetric unit (.pdb)
S879,S879,1CV1A,1CV1,A,1,https://files.rcsb.org/download/1CV1.pdb,data/wild/S879/1CV1A.pdb,RCSB PDB asymmetric unit (.pdb)
S879,S879,1CV3A,1CV3,A,1,https://files.rcsb.org/download/1CV3.pdb,data/wild/S879/1CV3A.pdb,RCSB PDB asymmetric unit (.pdb)
S879,S879,1CV4A,1CV4,A,1,https://files.rcsb.org/download/1CV4.pdb,data/wild/S879/1CV4A.pdb,RCSB PDB asymmetric unit (.pdb)
S879,S879,1CV5A,1CV5,A,1,https://files.rcsb.org/download/1CV5.pdb,data/wild/S879/1CV5A.pdb,RCSB PDB asymmetric unit (.pdb)
S879,S879,1CV6A,1CV6,A,1,https://files.rcsb.org/download/1CV6.pdb,data/wild/S879/1CV6A.pdb,RCSB PDB asymmetric unit (.pdb)
S879,S879,1CVKA,1CVK,A,1,https://files.rcsb.org/download/1CVK.pdb,data/wild/S879/1CVKA.pdb,RCSB PDB asymmetric unit (.pdb)
S879,S879,1CYOA,1CYO,A,13,https://files.rcsb.org/download/1CYO.pdb,data/wild/S879/1CYOA.pdb,RCSB PDB asymmetric unit (.pdb)
S879,S879,1D2WA,1D2W,A,1,https://files.rcsb.org/download/1D2W.pdb,data/wild/S879/1D2WA.pdb,RCSB PDB asymmetric unit (.pdb)
S879,S879,1D2YA,1D2Y,A,1,https://files.rcsb.org/download/1D2Y.pdb,data/wild/S879/1D2YA.pdb,RCSB PDB asymmetric unit (.pdb)
S879,S879,1D3JA,1D3J,A,1,https://files.rcsb.org/download/1D3J.pdb,data/wild/S879/1D3JA.pdb,RCSB PDB asymmetric unit (.pdb)
S879,S879,1DIVA,1DIV,A,30,https://files.rcsb.org/download/1DIV.pdb,data/wild/S879/1DIVA.pdb,RCSB PDB asymmetric unit (.pdb)
S879,S879,1EL1A,1EL1,A,4,https://files.rcsb.org/download/1EL1.pdb,data/wild/S879/1EL1A.pdb,RCSB PDB asymmetric unit (.pdb)
S879,S879,1EY0A,1EY0,A,3,https://files.rcsb.org/download/1EY0.pdb,data/wild/S879/1EY0A.pdb,RCSB PDB asymmetric unit (.pdb)
S879,S879,1FANA,1FAN,A,1,https://files.rcsb.org/download/1FAN.pdb,data/wild/S879/1FANA.pdb,RCSB PDB asymmetric unit (.pdb)
S879,S879,1FLVA,1FLV,A,11,https://files.rcsb.org/download/1FLV.pdb,data/wild/S879/1FLVA.pdb,RCSB PDB asymmetric unit (.pdb)
S879,S879,1FNFA,1FNF,A,1,https://files.rcsb.org/download/1FNF.pdb,data/wild/S879/1FNFA.pdb,RCSB PDB asymmetric unit (.pdb)
S879,S879,1FTGA,1FTG,A,9,https://files.rcsb.org/download/1FTG.pdb,data/wild/S879/1FTGA.pdb,RCSB PDB asymmetric unit (.pdb)
S879,S879,1G06A,1G06,A,1,https://files.rcsb.org/download/1G06.pdb,data/wild/S879/1G06A.pdb,RCSB PDB asymmetric unit (.pdb)
S879,S879,1G0GA,1G0G,A,1,https://files.rcsb.org/download/1G0G.pdb,data/wild/S879/1G0GA.pdb,RCSB PDB asymmetric unit (.pdb)
S879,S879,1G0KA,1G0K,A,1,https://files.rcsb.org/download/1G0K.pdb,data/wild/S879/1G0KA.pdb,RCSB PDB asymmetric unit (.pdb)
S879,S879,1G0LA,1G0L,A,1,https://files.rcsb.org/download/1G0L.pdb,data/wild/S879/1G0LA.pdb,RCSB PDB asymmetric unit (.pdb)
S879,S879,1G0MA,1G0M,A,1,https://files.rcsb.org/download/1G0M.pdb,data/wild/S879/1G0MA.pdb,RCSB PDB asymmetric unit (.pdb)
S879,S879,1G0PA,1G0P,A,1,https://files.rcsb.org/download/1G0P.pdb,data/wild/S879/1G0PA.pdb,RCSB PDB asymmetric unit (.pdb)
S879,S879,1G0QA,1G0Q,A,1,https://files.rcsb.org/download/1G0Q.pdb,data/wild/S879/1G0QA.pdb,RCSB PDB asymmetric unit (.pdb)
S879,S879,1G1VA,1G1V,A,1,https://files.rcsb.org/download/1G1V.pdb,data/wild/S879/1G1VA.pdb,RCSB PDB asymmetric unit (.pdb)
S879,S879,1G1WA,1G1W,A,1,https://files.rcsb.org/download/1G1W.pdb,data/wild/S879/1G1WA.pdb,RCSB PDB asymmetric unit (.pdb)
S879,S879,1G6NA,1G6N,A,1,https://files.rcsb.org/download/1G6N.pdb,data/wild/S879/1G6NA.pdb,RCSB PDB asymmetric unit (.pdb)
S879,S879,1HNGA,1HNG,A,10,https://files.rcsb.org/download/1HNG.pdb,data/wild/S879/1HNGA.pdb,RCSB PDB asymmetric unit (.pdb)
S879,S879,1HZ6A,1HZ6,A,58,https://files.rcsb.org/download/1HZ6.pdb,data/wild/S879/1HZ6A.pdb,RCSB PDB asymmetric unit (.pdb)
S879,S879,1I6SA,1I6S,A,1,https://files.rcsb.org/download/1I6S.pdb,data/wild/S879/1I6SA.pdb,RCSB PDB asymmetric unit (.pdb)
S879,S879,1IGVA,1IGV,A,1,https://files.rcsb.org/download/1IGV.pdb,data/wild/S879/1IGVA.pdb,RCSB PDB asymmetric unit (.pdb)
S879,S879,1IOBA,1IOB,A,1,https://files.rcsb.org/download/1IOB.pdb,data/wild/S879/1IOBA.pdb,RCSB PDB asymmetric unit (.pdb)
S879,S879,1L24A,1L24,A,1,https://files.rcsb.org/download/1L24.pdb,data/wild/S879/1L24A.pdb,RCSB PDB asymmetric unit (.pdb)
S879,S879,1L55A,1L55,A,1,https://files.rcsb.org/download/1L55.pdb,data/wild/S879/1L55A.pdb,RCSB PDB asymmetric unit (.pdb)
S879,S879,1L56A,1L56,A,1,https://files.rcsb.org/download/1L56.pdb,data/wild/S879/1L56A.pdb,RCSB PDB asymmetric unit (.pdb)
S879,S879,1L59A,1L59,A,1,https://files.rcsb.org/download/1L59.pdb,data/wild/S879/1L59A.pdb,RCSB PDB asymmetric unit (.pdb)
S879,S879,1L61A,1L61,A,1,https://files.rcsb.org/download/1L61.pdb,data/wild/S879/1L61A.pdb,RCSB PDB asymmetric unit (.pdb)
S879,S879,1L62A,1L62,A,1,https://files.rcsb.org/download/1L62.pdb,data/wild/S879/1L62A.pdb,RCSB PDB asymmetric unit (.pdb)
S879,S879,1L63A,1L63,A,18,https://files.rcsb.org/download/1L63.pdb,data/wild/S879/1L63A.pdb,RCSB PDB asymmetric unit (.pdb)
S879,S879,1L65A,1L65,A,1,https://files.rcsb.org/download/1L65.pdb,data/wild/S879/1L65A.pdb,RCSB PDB asymmetric unit (.pdb)
S879,S879,1L66A,1L66,A,1,https://files.rcsb.org/download/1L66.pdb,data/wild/S879/1L66A.pdb,RCSB PDB asymmetric unit (.pdb)
S879,S879,1L67A,1L67,A,1,https://files.rcsb.org/download/1L67.pdb,data/wild/S879/1L67A.pdb,RCSB PDB asymmetric unit (.pdb)
S879,S879,1L76A,1L76,A,1,https://files.rcsb.org/download/1L76.pdb,data/wild/S879/1L76A.pdb,RCSB PDB asymmetric unit (.pdb)
S879,S879,1L77A,1L77,A,1,https://files.rcsb.org/download/1L77.pdb,data/wild/S879/1L77A.pdb,RCSB PDB asymmetric unit (.pdb)
S879,S879,1L85A,1L85,A,1,https://files.rcsb.org/download/1L85.pdb,data/wild/S879/1L85A.pdb,RCSB PDB asymmetric unit (.pdb)
S879,S879,1L86A,1L86,A,1,https://files.rcsb.org/download/1L86.pdb,data/wild/S879/1L86A.pdb,RCSB PDB asymmetric unit (.pdb)
S879,S879,1L87A,1L87,A,1,https://files.rcsb.org/download/1L87.pdb,data/wild/S879/1L87A.pdb,RCSB PDB asymmetric unit (.pdb)
S879,S879,1L88A,1L88,A,1,https://files.rcsb.org/download/1L88.pdb,data/wild/S879/1L88A.pdb,RCSB PDB asymmetric unit (.pdb)
S879,S879,1L90A,1L90,A,1,https://files.rcsb.org/download/1L90.pdb,data/wild/S879/1L90A.pdb,RCSB PDB asymmetric unit (.pdb)
S879,S879,1L91A,1L91,A,1,https://files.rcsb.org/download/1L91.pdb,data/wild/S879/1L91A.pdb,RCSB PDB asymmetric unit (.pdb)
S879,S879,1L92A,1L92,A,1,https://files.rcsb.org/download/1L92.pdb,data/wild/S879/1L92A.pdb,RCSB PDB asymmetric unit (.pdb)
S879,S879,1L93A,1L93,A,1,https://files.rcsb.org/download/1L93.pdb,data/wild/S879/1L93A.pdb,RCSB PDB asymmetric unit (.pdb)
S879,S879,1L94A,1L94,A,1,https://files.rcsb.org/download/1L94.pdb,data/wild/S879/1L94A.pdb,RCSB PDB asymmetric unit (.pdb)
S879,S879,1L95A,1L95,A,1,https://files.rcsb.org/download/1L95.pdb,data/wild/S879/1L95A.pdb,RCSB PDB asymmetric unit (.pdb)
S879,S879,1L96A,1L96,A,1,https://files.rcsb.org/download/1L96.pdb,data/wild/S879/1L96A.pdb,RCSB PDB asymmetric unit (.pdb)
S879,S879,1LHHA,1LHH,A,1,https://files.rcsb.org/download/1LHH.pdb,data/wild/S879/1LHHA.pdb,RCSB PDB asymmetric unit (.pdb)
S879,S879,1LHIA,1LHI,A,1,https://files.rcsb.org/download/1LHI.pdb,data/wild/S879/1LHIA.pdb,RCSB PDB asymmetric unit (.pdb)
S879,S879,1LHJA,1LHJ,A,1,https://files.rcsb.org/download/1LHJ.pdb,data/wild/S879/1LHJA.pdb,RCSB PDB asymmetric unit (.pdb)
S879,S879,1LHKA,1LHK,A,1,https://files.rcsb.org/download/1LHK.pdb,data/wild/S879/1LHKA.pdb,RCSB PDB asymmetric unit (.pdb)
S879,S879,1LHLA,1LHL,A,1,https://files.rcsb.org/download/1LHL.pdb,data/wild/S879/1LHLA.pdb,RCSB PDB asymmetric unit (.pdb)
S879,S879,1LYEA,1LYE,A,1,https://files.rcsb.org/download/1LYE.pdb,data/wild/S879/1LYEA.pdb,RCSB PDB asymmetric unit (.pdb)
S879,S879,1LYFA,1LYF,A,1,https://files.rcsb.org/download/1LYF.pdb,data/wild/S879/1LYFA.pdb,RCSB PDB asymmetric unit (.pdb)
S879,S879,1LYGA,1LYG,A,1,https://files.rcsb.org/download/1LYG.pdb,data/wild/S879/1LYGA.pdb,RCSB PDB asymmetric unit (.pdb)
S879,S879,1LYHA,1LYH,A,1,https://files.rcsb.org/download/1LYH.pdb,data/wild/S879/1LYHA.pdb,RCSB PDB asymmetric unit (.pdb)
S879,S879,1LYIA,1LYI,A,1,https://files.rcsb.org/download/1LYI.pdb,data/wild/S879/1LYIA.pdb,RCSB PDB asymmetric unit (.pdb)
S879,S879,1LYJA,1LYJ,A,1,https://files.rcsb.org/download/1LYJ.pdb,data/wild/S879/1LYJA.pdb,RCSB PDB asymmetric unit (.pdb)
S879,S879,1LZ1A,1LZ1,A,5,https://files.rcsb.org/download/1LZ1.pdb,data/wild/S879/1LZ1A.pdb,RCSB PDB asymmetric unit (.pdb)
S879,S879,1NAGA,1NAG,A,1,https://files.rcsb.org/download/1NAG.pdb,data/wild/S879/1NAGA.pdb,RCSB PDB asymmetric unit (.pdb)
S879,S879,1OIAA,1OIA,A,1,https://files.rcsb.org/download/1OIA.pdb,data/wild/S879/1OIAA.pdb,RCSB PDB asymmetric unit (.pdb)
S879,S879,1ONCA,1ONC,A,1,https://files.rcsb.org/download/1ONC.pdb,data/wild/S879/1ONCA.pdb,RCSB PDB asymmetric unit (.pdb)
S879,S879,1OTRB,1OTR,B,24,https://files.rcsb.org/download/1OTR.pdb,data/wild/S879/1OTRB.pdb,RCSB PDB asymmetric unit (.pdb)
S879,S879,1P2LA,1P2L,A,1,https://files.rcsb.org/download/1P2L.pdb,data/wild/S879/1P2LA.pdb,RCSB PDB asymmetric unit (.pdb)
S879,S879,1P2RA,1P2R,A,1,https://files.rcsb.org/download/1P2R.pdb,data/wild/S879/1P2RA.pdb,RCSB PDB asymmetric unit (.pdb)
S879,S879,1P36A,1P36,A,1,https://files.rcsb.org/download/1P36.pdb,data/wild/S879/1P36A.pdb,RCSB PDB asymmetric unit (.pdb)
S879,S879,1P46A,1P46,A,1,https://files.rcsb.org/download/1P46.pdb,data/wild/S879/1P46A.pdb,RCSB PDB asymmetric unit (.pdb)
S879,S879,1P6YA,1P6Y,A,1,https://files.rcsb.org/download/1P6Y.pdb,data/wild/S879/1P6YA.pdb,RCSB PDB asymmetric unit (.pdb)
S879,S879,1P7SA,1P7S,A,1,https://files.rcsb.org/download/1P7S.pdb,data/wild/S879/1P7SA.pdb,RCSB PDB asymmetric unit (.pdb)
S879,S879,1PGAA,1PGA,A,27,https://files.rcsb.org/download/1PGA.pdb,data/wild/S879/1PGAA.pdb,RCSB PDB asymmetric unit (.pdb)
S879,S879,1QLPA,1QLP,A,2,https://files.rcsb.org/download/1QLP.pdb,data/wild/S879/1QLPA.pdb,RCSB PDB asymmetric unit (.pdb)
S879,S879,1QS5A,1QS5,A,1,https://files.rcsb.org/download/1QS5.pdb,data/wild/S879/1QS5A.pdb,RCSB PDB asymmetric unit (.pdb)
S879,S879,1QSBA,1QSB,A,1,https://files.rcsb.org/download/1QSB.pdb,data/wild/S879/1QSBA.pdb,RCSB PDB asymmetric unit (.pdb)
S879,S879,1QT6A,1QT6,A,1,https://files.rcsb.org/download/1QT6.pdb,data/wild/S879/1QT6A.pdb,RCSB PDB asymmetric unit (.pdb)
S879,S879,1QT7A,1QT7,A,1,https://files.rcsb.org/download/1QT7.pdb,data/wild/S879/1QT7A.pdb,RCSB PDB asymmetric unit (.pdb)
S879,S879,1QTBA,1QTB,A,1,https://files.rcsb.org/download/1QTB.pdb,data/wild/S879/1QTBA.pdb,RCSB PDB asymmetric unit (.pdb)
S879,S879,1QTCA,1QTC,A,1,https://files.rcsb.org/download/1QTC.pdb,data/wild/S879/1QTCA.pdb,RCSB PDB asymmetric unit (.pdb)
S879,S879,1QTDA,1QTD,A,1,https://files.rcsb.org/download/1QTD.pdb,data/wild/S879/1QTDA.pdb,RCSB PDB asymmetric unit (.pdb)
S879,S879,1RBRA,1RBR,A,1,https://files.rcsb.org/download/1RBR.pdb,data/wild/S879/1RBRA.pdb,RCSB PDB asymmetric unit (.pdb)
S879,S879,1RGGA,1RGG,A,2,https://files.rcsb.org/download/1RGG.pdb,data/wild/S879/1RGGA.pdb,RCSB PDB asymmetric unit (.pdb)
S879,S879,1RN1C,1RN1,C,27,https://files.rcsb.org/download/1RN1.pdb,data/wild/S879/1RN1C.pdb,RCSB PDB asymmetric unit (.pdb)
S879,S879,1ROPA,1ROP,A,1,https://files.rcsb.org/download/1ROP.pdb,data/wild/S879/1ROPA.pdb,RCSB PDB asymmetric unit (.pdb)
S879,S879,1RTBA,1RTB,A,8,https://files.rcsb.org/download/1RTB.pdb,data/wild/S879/1RTBA.pdb,RCSB PDB asymmetric unit (.pdb)
S879,S879,1SHFA,1SHF,A,1,https://files.rcsb.org/download/1SHF.pdb,data/wild/S879/1SHFA.pdb,RCSB PDB asymmetric unit (.pdb)
S879,S879,1STNA,1STN,A,45,https://files.rcsb.org/download/1STN.pdb,data/wild/S879/1STNA.pdb,RCSB PDB asymmetric unit (.pdb)
S879,S879,1SYCA,1SYC,A,1,https://files.rcsb.org/download/1SYC.pdb,data/wild/S879/1SYCA.pdb,RCSB PDB asymmetric unit (.pdb)
S879,S879,1SYEA,1SYE,A,1,https://files.rcsb.org/download/1SYE.pdb,data/wild/S879/1SYEA.pdb,RCSB PDB asymmetric unit (.pdb)
S879,S879,1SYGA,1SYG,A,1,https://files.rcsb.org/download/1SYG.pdb,data/wild/S879/1SYGA.pdb,RCSB PDB asymmetric unit (.pdb)
S879,S879,1TENA,1TEN,A,1,https://files.rcsb.org/download/1TEN.pdb,data/wild/S879/1TENA.pdb,RCSB PDB asymmetric unit (.pdb)
S879,S879,1TITA,1TIT,A,4,https://files.rcsb.org/download/1TIT.pdb,data/wild/S879/1TITA.pdb,RCSB PDB asymmetric unit (.pdb)
S879,S879,1TTGA,1TTG,A,5,https://files.rcsb.org/download/1TTG.pdb,data/wild/S879/1TTGA.pdb,RCSB PDB asymmetric unit (.pdb)
S879,S879,1U7SA,1U7S,A,68,https://files.rcsb.org/download/1U7S.pdb,data/wild/S879/1U7SA.pdb,RCSB PDB asymmetric unit (.pdb)
S879,S879,1UBQA,1UBQ,A,4,https://files.rcsb.org/download/1UBQ.pdb,data/wild/S879/1UBQA.pdb,RCSB PDB asymmetric unit (.pdb)
S879,S879,1VQBA,1VQB,A,2,https://files.rcsb.org/download/1VQB.pdb,data/wild/S879/1VQBA.pdb,RCSB PDB asymmetric unit (.pdb)
S879,S879,1W4HA,1W4H,A,25,https://files.rcsb.org/download/1W4H.pdb,data/wild/S879/1W4HA.pdb,RCSB PDB asymmetric unit (.pdb)
S879,S879,1YCCA,1YCC,A,20,https://files.rcsb.org/download/1YCC.pdb,data/wild/S879/1YCCA.pdb,RCSB PDB asymmetric unit (.pdb)
S879,S879,1ZNJA,1ZNJ,A,3,https://files.rcsb.org/download/1ZNJ.pdb,data/wild/S879/1ZNJA.pdb,RCSB PDB asymmetric unit (.pdb)
S879,S879,206LA,206L,A,1,https://files.rcsb.org/download/206L.pdb,data/wild/S879/206LA.pdb,RCSB PDB asymmetric unit (.pdb)
S879,S879,217LA,217L,A,1,https://files.rcsb.org/download/217L.pdb,data/wild/S879/217LA.pdb,RCSB PDB asymmetric unit (.pdb)
S879,S879,221LA,221L,A,1,https://files.rcsb.org/download/221L.pdb,data/wild/S879/221LA.pdb,RCSB PDB asymmetric unit (.pdb)
S879,S879,224LA,224L,A,1,https://files.rcsb.org/download/224L.pdb,data/wild/S879/224LA.pdb,RCSB PDB asymmetric unit (.pdb)
S879,S879,230LA,230L,A,1,https://files.rcsb.org/download/230L.pdb,data/wild/S879/230LA.pdb,RCSB PDB asymmetric unit (.pdb)
S879,S879,231LA,231L,A,1,https://files.rcsb.org/download/231L.pdb,data/wild/S879/231LA.pdb,RCSB PDB asymmetric unit (.pdb)
S879,S879,232LA,232L,A,1,https://files.rcsb.org/download/232L.pdb,data/wild/S879/232LA.pdb,RCSB PDB asymmetric unit (.pdb)
S879,S879,233LA,233L,A,1,https://files.rcsb.org/download/233L.pdb,data/wild/S879/233LA.pdb,RCSB PDB asymmetric unit (.pdb)
S879,S879,234LA,234L,A,1,https://files.rcsb.org/download/234L.pdb,data/wild/S879/234LA.pdb,RCSB PDB asymmetric unit (.pdb)
S879,S879,235LA,235L,A,1,https://files.rcsb.org/download/235L.pdb,data/wild/S879/235LA.pdb,RCSB PDB asymmetric unit (.pdb)
S879,S879,236LA,236L,A,1,https://files.rcsb.org/download/236L.pdb,data/wild/S879/236LA.pdb,RCSB PDB asymmetric unit (.pdb)
S879,S879,239LA,239L,A,1,https://files.rcsb.org/download/239L.pdb,data/wild/S879/239LA.pdb,RCSB PDB asymmetric unit (.pdb)
S879,S879,240LA,240L,A,1,https://files.rcsb.org/download/240L.pdb,data/wild/S879/240LA.pdb,RCSB PDB asymmetric unit (.pdb)
S879,S879,241LA,241L,A,1,https://files.rcsb.org/download/241L.pdb,data/wild/S879/241LA.pdb,RCSB PDB asymmetric unit (.pdb)
S879,S879,242LA,242L,A,1,https://files.rcsb.org/download/242L.pdb,data/wild/S879/242LA.pdb,RCSB PDB asymmetric unit (.pdb)
S879,S879,243LA,243L,A,1,https://files.rcsb.org/download/243L.pdb,data/wild/S879/243LA.pdb,RCSB PDB asymmetric unit (.pdb)
S879,S879,244LA,244L,A,1,https://files.rcsb.org/download/244L.pdb,data/wild/S879/244LA.pdb,RCSB PDB asymmetric unit (.pdb)
S879,S879,245LA,245L,A,1,https://files.rcsb.org/download/245L.pdb,data/wild/S879/245LA.pdb,RCSB PDB asymmetric unit (.pdb)
S879,S879,246LA,246L,A,1,https://files.rcsb.org/download/246L.pdb,data/wild/S879/246LA.pdb,RCSB PDB asymmetric unit (.pdb)
S879,S879,247LA,247L,A,1,https://files.rcsb.org/download/247L.pdb,data/wild/S879/247LA.pdb,RCSB PDB asymmetric unit (.pdb)
S879,S879,253LA,253L,A,1,https://files.rcsb.org/download/253L.pdb,data/wild/S879/253LA.pdb,RCSB PDB asymmetric unit (.pdb)
S879,S879,254LA,254L,A,1,https://files.rcsb.org/download/254L.pdb,data/wild/S879/254LA.pdb,RCSB PDB asymmetric unit (.pdb)
S879,S879,255LA,255L,A,1,https://files.rcsb.org/download/255L.pdb,data/wild/S879/255LA.pdb,RCSB PDB asymmetric unit (.pdb)
S879,S879,2ABDA,2ABD,A,2,https://files.rcsb.org/download/2ABD.pdb,data/wild/S879/2ABDA.pdb,RCSB PDB asymmetric unit (.pdb)
S879,S879,2AFGA,2AFG,A,6,https://files.rcsb.org/download/2AFG.pdb,data/wild/S879/2AFGA.pdb,RCSB PDB asymmetric unit (.pdb)
S879,S879,2CI2I,2CI2,I,3,https://files.rcsb.org/download/2CI2.pdb,data/wild/S879/2CI2I.pdb,RCSB PDB asymmetric unit (.pdb)
S879,S879,2HPRA,2HPR,A,3,https://files.rcsb.org/download/2HPR.pdb,data/wild/S879/2HPRA.pdb,RCSB PDB asymmetric unit (.pdb)
S879,S879,2L78A,2L78,A,1,https://files.rcsb.org/download/2L78.pdb,data/wild/S879/2L78A.pdb,RCSB PDB asymmetric unit (.pdb)
S879,S879,2LZMA,2LZM,A,153,https://files.rcsb.org/download/2LZM.pdb,data/wild/S879/2LZMA.pdb,RCSB PDB asymmetric unit (.pdb)
S879,S879,2OCJA,2OCJ,A,37,https://files.rcsb.org/download/2OCJ.pdb,data/wild/S879/2OCJA.pdb,RCSB PDB asymmetric unit (.pdb)
S879,S879,2Q98A,2Q98,A,9,https://files.rcsb.org/download/2Q98.pdb,data/wild/S879/2Q98A.pdb,RCSB PDB asymmetric unit (.pdb)
S879,S879,2RN2A,2RN2,A,6,https://files.rcsb.org/download/2RN2.pdb,data/wild/S879/2RN2A.pdb,RCSB PDB asymmetric unit (.pdb)
S1925,S1925,1A23A,1A23,A,3,https://files.rcsb.org/download/1A23.pdb,data/wild/S1925/1A23A.pdb,RCSB PDB asymmetric unit (.pdb)
S1925,S1925,1AARA,1AAR,A,10,https://files.rcsb.org/download/1AAR.pdb,data/wild/S1925/1AARA.pdb,RCSB PDB asymmetric unit (.pdb)
S1925,S1925,1AG2A,1AG2,A,9,https://files.rcsb.org/download/1AG2.pdb,data/wild/S1925/1AG2A.pdb,RCSB PDB asymmetric unit (.pdb)
S1925,S1925,1AJ3A,1AJ3,A,1,https://files.rcsb.org/download/1AJ3.pdb,data/wild/S1925/1AJ3A.pdb,RCSB PDB asymmetric unit (.pdb)
S1925,S1925,1AKKA,1AKK,A,1,https://files.rcsb.org/download/1AKK.pdb,data/wild/S1925/1AKKA.pdb,RCSB PDB asymmetric unit (.pdb)
S1925,S1925,1ANKA,1ANK,A,4,https://files.rcsb.org/download/1ANK.pdb,data/wild/S1925/1ANKA.pdb,RCSB PDB asymmetric unit (.pdb)
S1925,S1925,1AYFB,1AYF,B,11,https://files.rcsb.org/download/1AYF.pdb,data/wild/S1925/1AYFB.pdb,RCSB PDB asymmetric unit (.pdb)
S1925,S1925,1BNIA,1BNI,A,151,https://files.rcsb.org/download/1BNI.pdb,data/wild/S1925/1BNIA.pdb,RCSB PDB asymmetric unit (.pdb)
S1925,S1925,1BPIA,1BPI,A,47,https://files.rcsb.org/download/1BPI.pdb,data/wild/S1925/1BPIA.pdb,RCSB PDB asymmetric unit (.pdb)
S1925,S1925,1BTAA,1BTA,A,1,https://files.rcsb.org/download/1BTA.pdb,data/wild/S1925/1BTAA.pdb,RCSB PDB asymmetric unit (.pdb)
S1925,S1925,1BVCA,1BVC,A,56,https://files.rcsb.org/download/1BVC.pdb,data/wild/S1925/1BVCA.pdb,RCSB PDB asymmetric unit (.pdb)
S1925,S1925,1C2RA,1C2R,A,5,https://files.rcsb.org/download/1C2R.pdb,data/wild/S1925/1C2RA.pdb,RCSB PDB asymmetric unit (.pdb)
S1925,S1925,1C9OA,1C9O,A,14,https://files.rcsb.org/download/1C9O.pdb,data/wild/S1925/1C9OA.pdb,RCSB PDB asymmetric unit (.pdb)
S1925,S1925,1CHKA,1CHK,A,3,https://files.rcsb.org/download/1CHK.pdb,data/wild/S1925/1CHKA.pdb,RCSB PDB asymmetric unit (.pdb)
S1925,S1925,1CSPA,1CSP,A,7,https://files.rcsb.org/download/1CSP.pdb,data/wild/S1925/1CSPA.pdb,RCSB PDB asymmetric unit (.pdb)
S1925,S1925,1CYOA,1CYO,A,12,https://files.rcsb.org/download/1CYO.pdb,data/wild/S1925/1CYOA.pdb,RCSB PDB asymmetric unit (.pdb)
S1925,S1925,1EL1A,1EL1,A,4,https://files.rcsb.org/download/1EL1.pdb,data/wild/S1925/1EL1A.pdb,RCSB PDB asymmetric unit (.pdb)
S1925,S1925,1EM7A,1EM7,A,6,https://files.rcsb.org/download/1EM7.pdb,data/wild/S1925/1EM7A.pdb,RCSB PDB asymmetric unit (.pdb)
S1925,S1925,1G6NA,1G6N,A,2,https://files.rcsb.org/download/1G6N.pdb,data/wild/S1925/1G6NA.pdb,RCSB PDB asymmetric unit (.pdb)
S1925,S1925,1HFYA,1HFY,A,4,https://files.rcsb.org/download/1HFY.pdb,data/wild/S1925/1HFYA.pdb,RCSB PDB asymmetric unit (.pdb)
S1925,S1925,1HUEA,1HUE,A,5,https://files.rcsb.org/download/1HUE.pdb,data/wild/S1925/1HUEA.pdb,RCSB PDB asymmetric unit (.pdb)
S1925,S1925,1IGVA,1IGV,A,3,https://files.rcsb.org/download/1IGV.pdb,data/wild/S1925/1IGVA.pdb,RCSB PDB asymmetric unit (.pdb)
S1925,S1925,1IOBA,1IOB,A,7,https://files.rcsb.org/download/1IOB.pdb,data/wild/S1925/1IOBA.pdb,RCSB PDB asymmetric unit (.pdb)
S1925,S1925,1LZ1A,1LZ1,A,104,https://files.rcsb.org/download/1LZ1.pdb,data/wild/S1925/1LZ1A.pdb,RCSB PDB asymmetric unit (.pdb)
S1925,S1925,1MBGA,1MBG,A,3,https://files.rcsb.org/download/1MBG.pdb,data/wild/S1925/1MBGA.pdb,RCSB PDB asymmetric unit (.pdb)
S1925,S1925,1N0JA,1N0J,A,1,https://files.rcsb.org/download/1N0J.pdb,data/wild/S1925/1N0JA.pdb,RCSB PDB asymmetric unit (.pdb)
S1925,S1925,1ONCA,1ONC,A,1,https://files.rcsb.org/download/1ONC.pdb,data/wild/S1925/1ONCA.pdb,RCSB PDB asymmetric unit (.pdb)
S1925,S1925,1OTRB,1OTR,B,30,https://files.rcsb.org/download/1OTR.pdb,data/wild/S1925/1OTRB.pdb,RCSB PDB asymmetric unit (.pdb)
S1925,S1925,1PGAA,1PGA,A,22,https://files.rcsb.org/download/1PGA.pdb,data/wild/S1925/1PGAA.pdb,RCSB PDB asymmetric unit (.pdb)
S1925,S1925,1POHA,1POH,A,12,https://files.rcsb.org/download/1POH.pdb,data/wild/S1925/1POHA.pdb,RCSB PDB asymmetric unit (.pdb)
S1925,S1925,1RN1C,1RN1,C,44,https://files.rcsb.org/download/1RN1.pdb,data/wild/S1925/1RN1C.pdb,RCSB PDB asymmetric unit (.pdb)
S1925,S1925,1ROPA,1ROP,A,21,https://files.rcsb.org/download/1ROP.pdb,data/wild/S1925/1ROPA.pdb,RCSB PDB asymmetric unit (.pdb)
S1925,S1925,1RTBA,1RTB,A,11,https://files.rcsb.org/download/1RTB.pdb,data/wild/S1925/1RTBA.pdb,RCSB PDB asymmetric unit (.pdb)
S1925,S1925,1RX4A,1RX4,A,12,https://files.rcsb.org/download/1RX4.pdb,data/wild/S1925/1RX4A.pdb,RCSB PDB asymmetric unit (.pdb)
S1925,S1925,1SARA,1SAR,A,5,https://files.rcsb.org/download/1SAR.pdb,data/wild/S1925/1SARA.pdb,RCSB PDB asymmetric unit (.pdb)
S1925,S1925,1SHGA,1SHG,A,6,https://files.rcsb.org/download/1SHG.pdb,data/wild/S1925/1SHGA.pdb,RCSB PDB asymmetric unit (.pdb)
S1925,S1925,1STNA,1STN,A,34,https://files.rcsb.org/download/1STN.pdb,data/wild/S1925/1STNA.pdb,RCSB PDB asymmetric unit (.pdb)
S1925,S1925,1SUPA,1SUP,A,6,https://files.rcsb.org/download/1SUP.pdb,data/wild/S1925/1SUPA.pdb,RCSB PDB asymmetric unit (.pdb)
S1925,S1925,1TUPA,1TUP,A,5,https://files.rcsb.org/download/1TUP.pdb,data/wild/S1925/1TUPA.pdb,RCSB PDB asymmetric unit (.pdb)
S1925,S1925,1VQBA,1VQB,A,89,https://files.rcsb.org/download/1VQB.pdb,data/wild/S1925/1VQBA.pdb,RCSB PDB asymmetric unit (.pdb)
S1925,S1925,1YCCA,1YCC,A,24,https://files.rcsb.org/download/1YCC.pdb,data/wild/S1925/1YCCA.pdb,RCSB PDB asymmetric unit (.pdb)
S1925,S1925,2ABDA,2ABD,A,27,https://files.rcsb.org/download/2ABD.pdb,data/wild/S1925/2ABDA.pdb,RCSB PDB asymmetric unit (.pdb)
S1925,S1925,2AFGA,2AFG,A,3,https://files.rcsb.org/download/2AFG.pdb,data/wild/S1925/2AFGA.pdb,RCSB PDB asymmetric unit (.pdb)
S1925,S1925,2AKYA,2AKY,A,4,https://files.rcsb.org/download/2AKY.pdb,data/wild/S1925/2AKYA.pdb,RCSB PDB asymmetric unit (.pdb)
S1925,S1925,2CI2I,2CI2,I,75,https://files.rcsb.org/download/2CI2.pdb,data/wild/S1925/2CI2I.pdb,RCSB PDB asymmetric unit (.pdb)
S1925,S1925,2HPRA,2HPR,A,3,https://files.rcsb.org/download/2HPR.pdb,data/wild/S1925/2HPRA.pdb,RCSB PDB asymmetric unit (.pdb)
S1925,S1925,2LZMA,2LZM,A,232,https://files.rcsb.org/download/2LZM.pdb,data/wild/S1925/2LZMA.pdb,RCSB PDB asymmetric unit (.pdb)
S1925,S1925,2RN2A,2RN2,A,65,https://files.rcsb.org/download/2RN2.pdb,data/wild/S1925/2RN2A.pdb,RCSB PDB asymmetric unit (.pdb)
S1925,S1925,2TRXA,2TRX,A,2,https://files.rcsb.org/download/2TRX.pdb,data/wild/S1925/2TRXA.pdb,RCSB PDB asymmetric unit (.pdb)
S1925,S1925,3BLSA,3BLS,A,1,https://files.rcsb.org/download/3BLS.pdb,data/wild/S1925/3BLSA.pdb,RCSB PDB asymmetric unit (.pdb)
S1925,S1925,3MBPA,3MBP,A,6,https://files.rcsb.org/download/3MBP.pdb,data/wild/S1925/3MBPA.pdb,RCSB PDB asymmetric unit (.pdb)
S1925,S1925,3SSIA,3SSI,A,19,https://files.rcsb.org/download/3SSI.pdb,data/wild/S1925/3SSIA.pdb,RCSB PDB asymmetric unit (.pdb)
S1925,S1925,451CA,451C,A,6,https://files.rcsb.org/download/451C.pdb,data/wild/S1925/451CA.pdb,RCSB PDB asymmetric unit (.pdb)
S1925,S1925,4LYZA,4LYZ,A,50,https://files.rcsb.org/download/4LYZ.pdb,data/wild/S1925/4LYZA.pdb,RCSB PDB asymmetric unit (.pdb)
S1925,S1925,5CROB,5CRO,B,10,https://files.rcsb.org/download/5CRO.pdb,data/wild/S1925/5CROB.pdb,RCSB PDB asymmetric unit (.pdb)
S669,S669,1a0fA,1A0F,A,1,https://files.rcsb.org/download/1A0F.pdb,data/wild/S669/1a0fA.pdb,RCSB PDB asymmetric unit (.pdb)
S669,S669,1a7vA,1A7V,A,13,https://files.rcsb.org/download/1A7V.pdb,data/wild/S669/1a7vA.pdb,RCSB PDB asymmetric unit (.pdb)
S669,S669,1ba3A,1BA3,A,4,https://files.rcsb.org/download/1BA3.pdb,data/wild/S669/1ba3A.pdb,RCSB PDB asymmetric unit (.pdb)
S669,S669,1bfmA,1BFM,A,2,https://files.rcsb.org/download/1BFM.pdb,data/wild/S669/1bfmA.pdb,RCSB PDB asymmetric unit (.pdb)
S669,S669,1bnlA,1BNL,A,1,https://files.rcsb.org/download/1BNL.pdb,data/wild/S669/1bnlA.pdb,RCSB PDB asymmetric unit (.pdb)
S669,S669,1d5gA,1D5G,A,2,https://files.rcsb.org/download/1D5G.pdb,data/wild/S669/1d5gA.pdb,RCSB PDB asymmetric unit (.pdb)
S669,S669,1divA,1DIV,A,50,https://files.rcsb.org/download/1DIV.pdb,data/wild/S669/1divA.pdb,RCSB PDB asymmetric unit (.pdb)
S669,S669,1dxxA,1DXX,A,1,https://files.rcsb.org/download/1DXX.pdb,data/wild/S669/1dxxA.pdb,RCSB PDB asymmetric unit (.pdb)
S669,S669,1ekgA,1EKG,A,4,https://files.rcsb.org/download/1EKG.pdb,data/wild/S669/1ekgA.pdb,RCSB PDB asymmetric unit (.pdb)
S669,S669,1f8iA,1F8I,A,1,https://files.rcsb.org/download/1F8I.pdb,data/wild/S669/1f8iA.pdb,RCSB PDB asymmetric unit (.pdb)
S669,S669,1fh5H,1FH5,H,1,https://files.rcsb.org/download/1FH5.pdb,data/wild/S669/1fh5H.pdb,RCSB PDB asymmetric unit (.pdb)
S669,S669,1frdA,1FRD,A,1,https://files.rcsb.org/download/1FRD.pdb,data/wild/S669/1frdA.pdb,RCSB PDB asymmetric unit (.pdb)
S669,S669,1ft8A,1FT8,A,13,https://files.rcsb.org/download/1FT8.pdb,data/wild/S669/1ft8A.pdb,RCSB PDB asymmetric unit (.pdb)
S669,S669,1fxaA,1FXA,A,11,https://files.rcsb.org/download/1FXA.pdb,data/wild/S669/1fxaA.pdb,RCSB PDB asymmetric unit (.pdb)
S669,S669,1g3pA,1G3P,A,27,https://files.rcsb.org/download/1G3P.pdb,data/wild/S669/1g3pA.pdb,RCSB PDB asymmetric unit (.pdb)
S669,S669,1gluA,1GLU,A,1,https://files.rcsb.org/download/1GLU.pdb,data/wild/S669/1gluA.pdb,RCSB PDB asymmetric unit (.pdb)
S669,S669,1guaB,1GUA,B,49,https://files.rcsb.org/download/1GUA.pdb,data/wild/S669/1guaB.pdb,RCSB PDB asymmetric unit (.pdb)
S669,S669,1gwyA,1GWY,A,1,https://files.rcsb.org/download/1GWY.pdb,data/wild/S669/1gwyA.pdb,RCSB PDB asymmetric unit (.pdb)
S669,S669,1h0xA,1H0X,A,2,https://files.rcsb.org/download/1H0X.pdb,data/wild/S669/1h0xA.pdb,RCSB PDB asymmetric unit (.pdb)
S669,S669,1hcqA,1HCQ,A,2,https://files.rcsb.org/download/1HCQ.pdb,data/wild/S669/1hcqA.pdb,RCSB PDB asymmetric unit (.pdb)
S669,S669,1iojA,1IOJ,A,1,https://files.rcsb.org/download/1IOJ.pdb,data/wild/S669/1iojA.pdb,RCSB PDB asymmetric unit (.pdb)
S669,S669,1ir3A,1IR3,A,1,https://files.rcsb.org/download/1IR3.pdb,data/wild/S669/1ir3A.pdb,RCSB PDB asymmetric unit (.pdb)
S669,S669,1itmA,1ITM,A,3,https://files.rcsb.org/download/1ITM.pdb,data/wild/S669/1itmA.pdb,RCSB PDB asymmetric unit (.pdb)
S669,S669,1iv7B,1IV7,B,3,https://files.rcsb.org/download/1IV7.pdb,data/wild/S669/1iv7B.pdb,RCSB PDB asymmetric unit (.pdb)
S669,S669,1iv9A,1IV9,A,1,https://files.rcsb.org/download/1IV9.pdb,data/wild/S669/1iv9A.pdb,RCSB PDB asymmetric unit (.pdb)
S669,S669,1j8iA,1J8I,A,6,https://files.rcsb.org/download/1J8I.pdb,data/wild/S669/1j8iA.pdb,RCSB PDB asymmetric unit (.pdb)
S669,S669,1jl9A,1JL9,A,1,https://files.rcsb.org/download/1JL9.pdb,data/wild/S669/1jl9A.pdb,RCSB PDB asymmetric unit (.pdb)
S669,S669,1jlvA,1JLV,A,3,https://files.rcsb.org/download/1JLV.pdb,data/wild/S669/1jlvA.pdb,RCSB PDB asymmetric unit (.pdb)
S669,S669,1l6hA,1L6H,A,3,https://files.rcsb.org/download/1L6H.pdb,data/wild/S669/1l6hA.pdb,RCSB PDB asymmetric unit (.pdb)
S669,S669,1lvmA,1LVM,A,5,https://files.rcsb.org/download/1LVM.pdb,data/wild/S669/1lvmA.pdb,RCSB PDB asymmetric unit (.pdb)
S669,S669,1n18A,1N18,A,4,https://files.rcsb.org/download/1N18.pdb,data/wild/S669/1n18A.pdb,RCSB PDB asymmetric unit (.pdb)
S669,S669,1n88A,1N88,A,17,https://files.rcsb.org/download/1N88.pdb,data/wild/S669/1n88A.pdb,RCSB PDB asymmetric unit (.pdb)
S669,S669,1nm1A,1NM1,A,2,https://files.rcsb.org/download/1NM1.pdb,data/wild/S669/1nm1A.pdb,RCSB PDB asymmetric unit (.pdb)
S669,S669,1o1uA,1O1U,A,6,https://files.rcsb.org/download/1O1U.pdb,data/wild/S669/1o1uA.pdb,RCSB PDB asymmetric unit (.pdb)
S669,S669,1o6xA,1O6X,A,20,https://files.rcsb.org/download/1O6X.pdb,data/wild/S669/1o6xA.pdb,RCSB PDB asymmetric unit (.pdb)
S669,S669,1osiA,1OSI,A,4,https://files.rcsb.org/download/1OSI.pdb,data/wild/S669/1osiA.pdb,RCSB PDB asymmetric unit (.pdb)
S669,S669,1pflA,1PFL,A,5,https://files.rcsb.org/download/1PFL.pdb,data/wild/S669/1pflA.pdb,RCSB PDB asymmetric unit (.pdb)
S669,S669,1preA,1PRE,A,1,https://files.rcsb.org/download/1PRE.pdb,data/wild/S669/1preA.pdb,RCSB PDB asymmetric unit (.pdb)
S669,S669,1prgA,1PRG,A,7,https://files.rcsb.org/download/1PRG.pdb,data/wild/S669/1prgA.pdb,RCSB PDB asymmetric unit (.pdb)
S669,S669,1r2yA,1R2Y,A,1,https://files.rcsb.org/download/1R2Y.pdb,data/wild/S669/1r2yA.pdb,RCSB PDB asymmetric unit (.pdb)
S669,S669,1r6rA,1R6R,A,4,https://files.rcsb.org/download/1R6R.pdb,data/wild/S669/1r6rA.pdb,RCSB PDB asymmetric unit (.pdb)
S669,S669,1spdA,1SPD,A,2,https://files.rcsb.org/download/1SPD.pdb,data/wild/S669/1spdA.pdb,RCSB PDB asymmetric unit (.pdb)
S669,S669,1x0jA,1X0J,A,7,https://files.rcsb.org/download/1X0J.pdb,data/wild/S669/1x0jA.pdb,RCSB PDB asymmetric unit (.pdb)
S669,S669,1xwsA,1XWS,A,4,https://files.rcsb.org/download/1XWS.pdb,data/wild/S669/1xwsA.pdb,RCSB PDB asymmetric unit (.pdb)
S669,S669,1xxnA,1XXN,A,5,https://files.rcsb.org/download/1XXN.pdb,data/wild/S669/1xxnA.pdb,RCSB PDB asymmetric unit (.pdb)
S669,S669,1xzoA,1XZO,A,4,https://files.rcsb.org/download/1XZO.pdb,data/wild/S669/1xzoA.pdb,RCSB PDB asymmetric unit (.pdb)
S669,S669,2arfA,2ARF,A,1,https://files.rcsb.org/download/2ARF.pdb,data/wild/S669/2arfA.pdb,RCSB PDB asymmetric unit (.pdb)
S669,S669,2bjdA,2BJD,A,3,https://files.rcsb.org/download/2BJD.pdb,data/wild/S669/2bjdA.pdb,RCSB PDB asymmetric unit (.pdb)
S669,S669,2c9qA,2C9Q,A,2,https://files.rcsb.org/download/2C9Q.pdb,data/wild/S669/2c9qA.pdb,RCSB PDB asymmetric unit (.pdb)
S669,S669,2clrB,2CLR,B,4,https://files.rcsb.org/download/2CLR.pdb,data/wild/S669/2clrB.pdb,RCSB PDB asymmetric unit (.pdb)
S669,S669,2dvvA,2DVV,A,2,https://files.rcsb.org/download/2DVV.pdb,data/wild/S669/2dvvA.pdb,RCSB PDB asymmetric unit (.pdb)
S669,S669,2h3fA,2H3F,A,1,https://files.rcsb.org/download/2H3F.pdb,data/wild/S669/2h3fA.pdb,RCSB PDB asymmetric unit (.pdb)
S669,S669,2hbbA,2HBB,A,46,https://files.rcsb.org/download/2HBB.pdb,data/wild/S669/2hbbA.pdb,RCSB PDB asymmetric unit (.pdb)
S669,S669,2jieA,2JIE,A,51,https://files.rcsb.org/download/2JIE.pdb,data/wild/S669/2jieA.pdb,RCSB PDB asymmetric unit (.pdb)
S669,S669,2jucA,2JUC,A,3,https://files.rcsb.org/download/2JUC.pdb,data/wild/S669/2jucA.pdb,RCSB PDB asymmetric unit (.pdb)
S669,S669,2kj3A,2KJ3,A,9,https://files.rcsb.org/download/2KJ3.pdb,data/wild/S669/2kj3A.pdb,RCSB PDB asymmetric unit (.pdb)
S669,S669,2ks4A,2KS4,A,2,https://files.rcsb.org/download/2KS4.pdb,data/wild/S669/2ks4A.pdb,RCSB PDB asymmetric unit (.pdb)
S669,S669,2ltbA,2LTB,A,6,https://files.rcsb.org/download/2LTB.pdb,data/wild/S669/2ltbA.pdb,RCSB PDB asymmetric unit (.pdb)
S669,S669,2m5sA,2M5S,A,2,https://files.rcsb.org/download/2M5S.pdb,data/wild/S669/2m5sA.pdb,RCSB PDB asymmetric unit (.pdb)
S669,S669,2mpcA,2MPC,A,3,https://files.rcsb.org/download/2MPC.pdb,data/wild/S669/2mpcA.pdb,RCSB PDB asymmetric unit (.pdb)
S669,S669,2n7zA,2N7Z,A,1,https://files.rcsb.org/download/2N7Z.pdb,data/wild/S669/2n7zA.pdb,RCSB PDB asymmetric unit (.pdb)
S669,S669,2nteA,2NTE,A,2,https://files.rcsb.org/download/2NTE.pdb,data/wild/S669/2nteA.pdb,RCSB PDB asymmetric unit (.pdb)
S669,S669,2ouoA,2OUO,A,1,https://files.rcsb.org/download/2OUO.pdb,data/wild/S669/2ouoA.pdb,RCSB PDB asymmetric unit (.pdb)
S669,S669,2pr5A,2PR5,A,17,https://files.rcsb.org/download/2PR5.pdb,data/wild/S669/2pr5A.pdb,RCSB PDB asymmetric unit (.pdb)
S669,S669,2ptlA,2PTL,A,68,https://files.rcsb.org/download/2PTL.pdb,data/wild/S669/2ptlA.pdb,RCSB PDB asymmetric unit (.pdb)
S669,S669,2rpnA,2RPN,A,2,https://files.rcsb.org/download/2RPN.pdb,data/wild/S669/2rpnA.pdb,RCSB PDB asymmetric unit (.pdb)
S669,S669,2vy0A,2VY0,A,2,https://files.rcsb.org/download/2VY0.pdb,data/wild/S669/2vy0A.pdb,RCSB PDB asymmetric unit (.pdb)
S669,S669,2wqgA,2WQG,A,29,https://files.rcsb.org/download/2WQG.pdb,data/wild/S669/2wqgA.pdb,RCSB PDB asymmetric unit (.pdb)
S669,S669,2ztaA,2ZTA,A,8,https://files.rcsb.org/download/2ZTA.pdb,data/wild/S669/2ztaA.pdb,RCSB PDB asymmetric unit (.pdb)
S669,S669,3bciA,3BCI,A,2,https://files.rcsb.org/download/3BCI.pdb,data/wild/S669/3bciA.pdb,RCSB PDB asymmetric unit (.pdb)
S669,S669,3bn0A,3BN0,A,1,https://files.rcsb.org/download/3BN0.pdb,data/wild/S669/3bn0A.pdb,RCSB PDB asymmetric unit (.pdb)
S669,S669,3c2iA,3C2I,A,12,https://files.rcsb.org/download/3C2I.pdb,data/wild/S669/3c2iA.pdb,RCSB PDB asymmetric unit (.pdb)
S669,S669,3d2aA,3D2A,A,3,https://files.rcsb.org/download/3D2A.pdb,data/wild/S669/3d2aA.pdb,RCSB PDB asymmetric unit (.pdb)
S669,S669,3d3bA,3D3B,A,5,https://files.rcsb.org/download/3D3B.pdb,data/wild/S669/3d3bA.pdb,RCSB PDB asymmetric unit (.pdb)
S669,S669,3dv0I,3DV0,I,31,https://files.rcsb.org/download/3DV0.pdb,data/wild/S669/3dv0I.pdb,RCSB PDB asymmetric unit (.pdb)
S669,S669,3ecuA,3ECU,A,1,https://files.rcsb.org/download/3ECU.pdb,data/wild/S669/3ecuA.pdb,RCSB PDB asymmetric unit (.pdb)
S669,S669,3fisA,3FIS,A,1,https://files.rcsb.org/download/3FIS.pdb,data/wild/S669/3fisA.pdb,RCSB PDB asymmetric unit (.pdb)
S669,S669,3g1gA,3G1G,A,4,https://files.rcsb.org/download/3G1G.pdb,data/wild/S669/3g1gA.pdb,RCSB PDB asymmetric unit (.pdb)
S669,S669,3k82A,3K82,A,3,https://files.rcsb.org/download/3K82.pdb,data/wild/S669/3k82A.pdb,RCSB PDB asymmetric unit (.pdb)
S669,S669,3l15B,3L15,B,1,https://files.rcsb.org/download/3L15.pdb,data/wild/S669/3l15B.pdb,RCSB PDB asymmetric unit (.pdb)
S669,S669,3monB,3MON,B,2,https://files.rcsb.org/download/3MON.pdb,data/wild/S669/3monB.pdb,RCSB PDB asymmetric unit (.pdb)
S669,S669,3o39A,3O39,A,6,https://files.rcsb.org/download/3O39.pdb,data/wild/S669/3o39A.pdb,RCSB PDB asymmetric unit (.pdb)
S669,S669,3s4mA,3S4M,A,4,https://files.rcsb.org/download/3S4M.pdb,data/wild/S669/3s4mA.pdb,RCSB PDB asymmetric unit (.pdb)
S669,S669,3s92A,3S92,A,1,https://files.rcsb.org/download/3S92.pdb,data/wild/S669/3s92A.pdb,RCSB PDB asymmetric unit (.pdb)
S669,S669,4bjxA,4BJX,A,1,https://files.rcsb.org/download/4BJX.pdb,data/wild/S669/4bjxA.pdb,RCSB PDB asymmetric unit (.pdb)
S669,S669,4buqA,4BUQ,A,2,https://files.rcsb.org/download/4BUQ.pdb,data/wild/S669/4buqA.pdb,RCSB PDB asymmetric unit (.pdb)
S669,S669,4he7A,4HE7,A,3,https://files.rcsb.org/download/4HE7.pdb,data/wild/S669/4he7A.pdb,RCSB PDB asymmetric unit (.pdb)
S669,S669,4n6v0,4N6V,0,3,https://files.rcsb.org/download/4N6V.pdb,data/wild/S669/4n6v0.pdb,RCSB PDB asymmetric unit (.pdb)
S669,S669,4waaA,4WAA,A,3,https://files.rcsb.org/download/4WAA.pdb,data/wild/S669/4waaA.pdb,RCSB PDB asymmetric unit (.pdb)
S669,S669,4yeeA,4YEE,A,1,https://files.rcsb.org/download/4YEE.pdb,data/wild/S669/4yeeA.pdb,RCSB PDB asymmetric unit (.pdb)
S669,S669,4yefA,4YEF,A,1,https://files.rcsb.org/download/4YEF.pdb,data/wild/S669/4yefA.pdb,RCSB PDB asymmetric unit (.pdb)
S669,S669,5jxbA,5JXB,A,2,https://files.rcsb.org/download/5JXB.pdb,data/wild/S669/5jxbA.pdb,RCSB PDB asymmetric unit (.pdb)
S669,S669,5oaqA,5OAQ,A,1,https://files.rcsb.org/download/5OAQ.pdb,data/wild/S669/5oaqA.pdb,RCSB PDB asymmetric unit (.pdb)
S669,S669,5vp3A,5VP3,A,3,https://files.rcsb.org/download/5VP3.pdb,data/wild/S669/5vp3A.pdb,RCSB PDB asymmetric unit (.pdb)
